Configuration file: C:/Users/liushurui/Self_Profile/howccc.github.io/_config.yml
            Source: C:/Users/liushurui/Self_Profile/howccc.github.io
       Destination: C:/Users/liushurui/Self_Profile/howccc.github.io/_site
 Incremental build: disabled. Enable with --incremental
      Generating... 
       Jekyll Feed: Generating feed for posts
                    done in 6.139 seconds.
 Auto-regeneration: enabled for 'C:/Users/liushurui/Self_Profile/howccc.github.io'
    Server address: http://127.0.0.1:4000/
  Server running... press ctrl-c to stop.
[2026-08-17 10:23:07] ERROR Errno::ECONNRESET: An existing connection was forcibly closed by the remote host. @ io_fillbuf - fd:6 
	C:/Ruby33-x64/lib/ruby/gems/3.3.0/gems/webrick-1.9.2/lib/webrick/httpserver.rb:82:in `eof?'
	C:/Ruby33-x64/lib/ruby/gems/3.3.0/gems/webrick-1.9.2/lib/webrick/httpserver.rb:82:in `run'
	C:/Ruby33-x64/lib/ruby/gems/3.3.0/gems/webrick-1.9.2/lib/webrick/server.rb:309:in `block in start_thread'
      Regenerating: 1 file(s) changed at 2026-08-17 10:23:08
                    wheel-picker-serve.out.log
       Jekyll Feed: Generating feed for posts
                    ...done in 5.3435088 seconds.
                    
      Regenerating: 1 file(s) changed at 2026-08-17 10:23:14
                    wheel-picker-serve.out.log
       Jekyll Feed: Generating feed for posts
                    ...done in 5.0675911 seconds.
                    
      Regenerating: 1 file(s) changed at 2026-08-17 10:23:19
                    wheel-picker-serve.out.log
       Jekyll Feed: Generating feed for posts
                    ...done in 4.56188 seconds.
                    
      Regenerating: 1 file(s) changed at 2026-08-17 10:23:23
                    wheel-picker-serve.out.log
       Jekyll Feed: Generating feed for posts
                    ...done in 4.7854715 seconds.
                    
      Regenerating: 1 file(s) changed at 2026-08-17 10:23:28
                    wheel-picker-serve.out.log
       Jekyll Feed: Generating feed for posts
                    ...done in 4.516722 seconds.
                    
      Regenerating: 1 file(s) changed at 2026-08-17 10:23:33
                    wheel-picker-serve.out.log
       Jekyll Feed: Generating feed for posts
                    ...done in 4.7051945 seconds.
                    
      Regenerating: 1 file(s) changed at 2026-08-17 10:23:37
                    wheel-picker-serve.out.log
       Jekyll Feed: Generating feed for posts
                    ...done in 4.8546838 seconds.
                    
      Regenerating: 1 file(s) changed at 2026-08-17 10:23:42
                    wheel-picker-serve.out.log
       Jekyll Feed: Generating feed for posts
                    ...done in 4.5562381 seconds.
                    
      Regenerating: 1 file(s) changed at 2026-08-17 10:23:47
                    wheel-picker-serve.out.log
       Jekyll Feed: Generating feed for posts
                    ...done in 4.6841266 seconds.
                    
      Regenerating: 1 file(s) changed at 2026-08-17 10:23:52
                    wheel-picker-serve.out.log
       Jekyll Feed: Generating feed for posts
                    ...done in 4.401683 seconds.
                    
      Regenerating: 1 file(s) changed at 2026-08-17 10:23:56
                    wheel-picker-serve.out.log
       Jekyll Feed: Generating feed for posts
                    ...done in 4.636084 seconds.
                    
      Regenerating: 1 file(s) changed at 2026-08-17 10:24:01
                    wheel-picker-serve.out.log
       Jekyll Feed: Generating feed for posts
                    ...done in 4.7815141 seconds.
                    
      Regenerating: 1 file(s) changed at 2026-08-17 10:24:06
                    wheel-picker-serve.out.log
       Jekyll Feed: Generating feed for posts
                    ...done in 4.7305961 seconds.
                    
      Regenerating: 2 file(s) changed at 2026-08-17 10:24:11
                    wheel-picker-serve.out.log
                    _pages/about.md
       Jekyll Feed: Generating feed for posts
                    ...done in 4.6115041 seconds.
                    
      Regenerating: 1 file(s) changed at 2026-08-17 10:24:15
                    wheel-picker-serve.out.log
       Jekyll Feed: Generating feed for posts
                    ...done in 5.3461557 seconds.
                    
      Regenerating: 1 file(s) changed at 2026-08-17 10:24:21
                    wheel-picker-serve.out.log
       Jekyll Feed: Generating feed for posts
[2026-08-17 10:24:22] ERROR Errno::ECONNRESET: An existing connection was forcibly closed by the remote host. @ io_fillbuf - fd:15 
	C:/Ruby33-x64/lib/ruby/gems/3.3.0/gems/webrick-1.9.2/lib/webrick/httpserver.rb:82:in `eof?'
	C:/Ruby33-x64/lib/ruby/gems/3.3.0/gems/webrick-1.9.2/lib/webrick/httpserver.rb:82:in `run'
	C:/Ruby33-x64/lib/ruby/gems/3.3.0/gems/webrick-1.9.2/lib/webrick/server.rb:309:in `block in start_thread'
                    ...done in 5.1715764 seconds.
                    
      Regenerating: 1 file(s) changed at 2026-08-17 10:24:26
                    wheel-picker-serve.out.log
       Jekyll Feed: Generating feed for posts
                    ...done in 4.6007771 seconds.
                    
      Regenerating: 1 file(s) changed at 2026-08-17 10:24:31
                    wheel-picker-serve.out.log
       Jekyll Feed: Generating feed for posts
                    ...done in 4.9100768 seconds.
                    
      Regenerating: 1 file(s) changed at 2026-08-17 10:24:35
                    wheel-picker-serve.out.log
       Jekyll Feed: Generating feed for posts
                    ...done in 4.686423 seconds.
                    
      Regenerating: 1 file(s) changed at 2026-08-17 10:24:40
                    wheel-picker-serve.out.log
       Jekyll Feed: Generating feed for posts
                    ...done in 4.5057719 seconds.
                    
      Regenerating: 1 file(s) changed at 2026-08-17 10:24:45
                    wheel-picker-serve.out.log
       Jekyll Feed: Generating feed for posts
                    ...done in 4.5267125 seconds.
                    
      Regenerating: 1 file(s) changed at 2026-08-17 10:24:49
                    wheel-picker-serve.out.log
       Jekyll Feed: Generating feed for posts
                    ...done in 4.4488264 seconds.
                    
      Regenerating: 1 file(s) changed at 2026-08-17 10:24:54
                    wheel-picker-serve.out.log
       Jekyll Feed: Generating feed for posts
                    ...done in 4.3605724 seconds.
                    
      Regenerating: 1 file(s) changed at 2026-08-17 10:24:58
                    wheel-picker-serve.out.log
       Jekyll Feed: Generating feed for posts
                    ...done in 4.4351669 seconds.
                    
      Regenerating: 1 file(s) changed at 2026-08-17 10:25:03
                    wheel-picker-serve.out.log
       Jekyll Feed: Generating feed for posts
                    ...done in 4.4606404 seconds.
                    
      Regenerating: 1 file(s) changed at 2026-08-17 10:25:07
                    wheel-picker-serve.out.log
       Jekyll Feed: Generating feed for posts
                    ...done in 4.2934508 seconds.
                    
      Regenerating: 1 file(s) changed at 2026-08-17 10:25:12
                    wheel-picker-serve.out.log
       Jekyll Feed: Generating feed for posts
                    ...done in 4.3005945 seconds.
                    
      Regenerating: 1 file(s) changed at 2026-08-17 10:25:16
                    wheel-picker-serve.out.log
       Jekyll Feed: Generating feed for posts
                    ...done in 4.1118093 seconds.
                    
      Regenerating: 1 file(s) changed at 2026-08-17 10:25:20
                    wheel-picker-serve.out.log
       Jekyll Feed: Generating feed for posts
                    ...done in 4.3151034 seconds.
                    
      Regenerating: 1 file(s) changed at 2026-08-17 10:25:25
                    wheel-picker-serve.out.log
       Jekyll Feed: Generating feed for posts
                    ...done in 4.9808677 seconds.
                    
      Regenerating: 1 file(s) changed at 2026-08-17 10:25:30
                    wheel-picker-serve.out.log
       Jekyll Feed: Generating feed for posts
                    ...done in 4.5276889 seconds.
                    
      Regenerating: 1 file(s) changed at 2026-08-17 10:25:34
                    wheel-picker-serve.out.log
       Jekyll Feed: Generating feed for posts
                    ...done in 4.9100749 seconds.
                    
      Regenerating: 1 file(s) changed at 2026-08-17 10:25:39
                    wheel-picker-serve.out.log
       Jekyll Feed: Generating feed for posts
                    ...done in 4.6887741 seconds.
                    
      Regenerating: 1 file(s) changed at 2026-08-17 10:25:44
                    wheel-picker-serve.out.log
       Jekyll Feed: Generating feed for posts
                    ...done in 4.7724169 seconds.
                    
      Regenerating: 1 file(s) changed at 2026-08-17 10:25:49
                    wheel-picker-serve.out.log
       Jekyll Feed: Generating feed for posts
                    ...done in 4.7104344 seconds.
                    
      Regenerating: 1 file(s) changed at 2026-08-17 10:25:53
                    wheel-picker-serve.out.log
       Jekyll Feed: Generating feed for posts
                    ...done in 4.7833028 seconds.
                    
      Regenerating: 1 file(s) changed at 2026-08-17 10:25:58
                    wheel-picker-serve.out.log
       Jekyll Feed: Generating feed for posts
                    ...done in 4.7483053 seconds.
                    
      Regenerating: 1 file(s) changed at 2026-08-17 10:26:03
                    wheel-picker-serve.out.log
       Jekyll Feed: Generating feed for posts
                    ...done in 4.7399359 seconds.
                    
      Regenerating: 1 file(s) changed at 2026-08-17 10:26:08
                    wheel-picker-serve.out.log
       Jekyll Feed: Generating feed for posts
                    ...done in 4.6686743 seconds.
                    
      Regenerating: 1 file(s) changed at 2026-08-17 10:26:13
                    wheel-picker-serve.out.log
       Jekyll Feed: Generating feed for posts
                    ...done in 4.7013823 seconds.
                    
      Regenerating: 2 file(s) changed at 2026-08-17 10:26:17
                    wheel-picker-serve.out.log
                    _pages/about.md
       Jekyll Feed: Generating feed for posts
                    ...done in 4.6248792 seconds.
                    
      Regenerating: 1 file(s) changed at 2026-08-17 10:26:22
                    wheel-picker-serve.out.log
       Jekyll Feed: Generating feed for posts
                    ...done in 4.7439163 seconds.
                    
      Regenerating: 1 file(s) changed at 2026-08-17 10:26:27
                    wheel-picker-serve.out.log
       Jekyll Feed: Generating feed for posts
                    ...done in 4.5983388 seconds.
                    
      Regenerating: 1 file(s) changed at 2026-08-17 10:26:32
                    wheel-picker-serve.out.log
       Jekyll Feed: Generating feed for posts
                    ...done in 4.7283154 seconds.
                    
      Regenerating: 1 file(s) changed at 2026-08-17 10:26:36
                    wheel-picker-serve.out.log
       Jekyll Feed: Generating feed for posts
                    ...done in 4.5859395 seconds.
                    
      Regenerating: 2 file(s) changed at 2026-08-17 10:26:41
                    wheel-picker-serve.out.log
                    _pages/about.md
       Jekyll Feed: Generating feed for posts
                    ...done in 4.5474519 seconds.
                    
      Regenerating: 1 file(s) changed at 2026-08-17 10:26:46
                    wheel-picker-serve.out.log
       Jekyll Feed: Generating feed for posts
                    ...done in 4.8793681 seconds.
                    
      Regenerating: 1 file(s) changed at 2026-08-17 10:26:51
                    wheel-picker-serve.out.log
       Jekyll Feed: Generating feed for posts
[2026-08-17 10:26:55] ERROR Errno::ECONNRESET: An existing connection was forcibly closed by the remote host. @ io_fillbuf - fd:6 
	C:/Ruby33-x64/lib/ruby/gems/3.3.0/gems/webrick-1.9.2/lib/webrick/httpserver.rb:82:in `eof?'
	C:/Ruby33-x64/lib/ruby/gems/3.3.0/gems/webrick-1.9.2/lib/webrick/httpserver.rb:82:in `run'
	C:/Ruby33-x64/lib/ruby/gems/3.3.0/gems/webrick-1.9.2/lib/webrick/server.rb:309:in `block in start_thread'
                    ...done in 4.822278 seconds.
                    
      Regenerating: 1 file(s) changed at 2026-08-17 10:26:55
                    wheel-picker-serve.out.log
       Jekyll Feed: Generating feed for posts
                    ...done in 4.6457808 seconds.
                    
      Regenerating: 1 file(s) changed at 2026-08-17 10:27:00
                    wheel-picker-serve.out.log
       Jekyll Feed: Generating feed for posts
                    ...done in 4.8571425 seconds.
                    
      Regenerating: 1 file(s) changed at 2026-08-17 10:27:05
                    wheel-picker-serve.out.log
       Jekyll Feed: Generating feed for posts
                    ...done in 4.8578955 seconds.
                    
      Regenerating: 1 file(s) changed at 2026-08-17 10:27:10
                    wheel-picker-serve.out.log
       Jekyll Feed: Generating feed for posts
                    ...done in 4.4527306 seconds.
                    
      Regenerating: 1 file(s) changed at 2026-08-17 10:27:14
                    wheel-picker-serve.out.log
       Jekyll Feed: Generating feed for posts
                    ...done in 4.447943 seconds.
                    
      Regenerating: 1 file(s) changed at 2026-08-17 10:27:19
                    wheel-picker-serve.out.log
       Jekyll Feed: Generating feed for posts
                    ...done in 4.4196149 seconds.
                    
      Regenerating: 1 file(s) changed at 2026-08-17 10:27:23
                    wheel-picker-serve.out.log
       Jekyll Feed: Generating feed for posts
                    ...done in 4.4515189 seconds.
                    
      Regenerating: 1 file(s) changed at 2026-08-17 10:27:28
                    wheel-picker-serve.out.log
       Jekyll Feed: Generating feed for posts
                    ...done in 4.4076656 seconds.
                    
      Regenerating: 1 file(s) changed at 2026-08-17 10:27:32
                    wheel-picker-serve.out.log
       Jekyll Feed: Generating feed for posts
                    ...done in 4.6548045 seconds.
                    
      Regenerating: 1 file(s) changed at 2026-08-17 10:27:37
                    wheel-picker-serve.out.log
       Jekyll Feed: Generating feed for posts
                    ...done in 4.5533953 seconds.
                    
      Regenerating: 1 file(s) changed at 2026-08-17 10:27:42
                    wheel-picker-serve.out.log
       Jekyll Feed: Generating feed for posts
                    ...done in 4.4863364 seconds.
                    
      Regenerating: 1 file(s) changed at 2026-08-17 10:27:46
                    wheel-picker-serve.out.log
       Jekyll Feed: Generating feed for posts
                    ...done in 4.443278 seconds.
                    
      Regenerating: 1 file(s) changed at 2026-08-17 10:27:51
                    wheel-picker-serve.out.log
       Jekyll Feed: Generating feed for posts
                    ...done in 4.4399773 seconds.
                    
      Regenerating: 1 file(s) changed at 2026-08-17 10:27:55
                    wheel-picker-serve.out.log
       Jekyll Feed: Generating feed for posts
                    ...done in 4.8238688 seconds.
                    
      Regenerating: 1 file(s) changed at 2026-08-17 10:28:00
                    wheel-picker-serve.out.log
       Jekyll Feed: Generating feed for posts
                    ...done in 4.653543 seconds.
                    
      Regenerating: 1 file(s) changed at 2026-08-17 10:28:05
                    wheel-picker-serve.out.log
       Jekyll Feed: Generating feed for posts
                    ...done in 4.6011282 seconds.
                    
      Regenerating: 1 file(s) changed at 2026-08-17 10:28:10
                    wheel-picker-serve.out.log
       Jekyll Feed: Generating feed for posts
                    ...done in 4.4867571 seconds.
                    
      Regenerating: 1 file(s) changed at 2026-08-17 10:28:14
                    wheel-picker-serve.out.log
       Jekyll Feed: Generating feed for posts
                    ...done in 4.7177135 seconds.
                    
      Regenerating: 1 file(s) changed at 2026-08-17 10:28:19
                    wheel-picker-serve.out.log
       Jekyll Feed: Generating feed for posts
                    ...done in 4.787184 seconds.
                    
      Regenerating: 1 file(s) changed at 2026-08-17 10:28:24
                    wheel-picker-serve.out.log
       Jekyll Feed: Generating feed for posts
                    ...done in 4.8990523 seconds.
                    
      Regenerating: 1 file(s) changed at 2026-08-17 10:28:29
                    wheel-picker-serve.out.log
       Jekyll Feed: Generating feed for posts
                    ...done in 4.6398452 seconds.
                    
      Regenerating: 1 file(s) changed at 2026-08-17 10:28:33
                    wheel-picker-serve.out.log
       Jekyll Feed: Generating feed for posts
                    ...done in 4.6688413 seconds.
                    
      Regenerating: 1 file(s) changed at 2026-08-17 10:28:38
                    wheel-picker-serve.out.log
       Jekyll Feed: Generating feed for posts
                    ...done in 4.5865522 seconds.
                    
      Regenerating: 1 file(s) changed at 2026-08-17 10:28:43
                    wheel-picker-serve.out.log
       Jekyll Feed: Generating feed for posts
                    ...done in 4.7462226 seconds.
                    
      Regenerating: 1 file(s) changed at 2026-08-17 10:28:48
                    wheel-picker-serve.out.log
       Jekyll Feed: Generating feed for posts
                    ...done in 4.5128004 seconds.
                    
      Regenerating: 1 file(s) changed at 2026-08-17 10:28:52
                    wheel-picker-serve.out.log
       Jekyll Feed: Generating feed for posts
                    ...done in 4.6794539 seconds.
                    
      Regenerating: 1 file(s) changed at 2026-08-17 10:28:57
                    wheel-picker-serve.out.log
       Jekyll Feed: Generating feed for posts
                    ...done in 4.5981031 seconds.
                    
      Regenerating: 1 file(s) changed at 2026-08-17 10:29:01
                    wheel-picker-serve.out.log
       Jekyll Feed: Generating feed for posts
                    ...done in 4.6532798 seconds.
                    
      Regenerating: 2 file(s) changed at 2026-08-17 10:29:06
                    wheel-picker-serve.out.log
                    _pages/about.md
       Jekyll Feed: Generating feed for posts
                    ...done in 4.3971757 seconds.
                    
      Regenerating: 1 file(s) changed at 2026-08-17 10:29:11
                    wheel-picker-serve.out.log
       Jekyll Feed: Generating feed for posts
                    ...done in 4.7833112 seconds.
                    
      Regenerating: 1 file(s) changed at 2026-08-17 10:29:15
                    wheel-picker-serve.out.log
       Jekyll Feed: Generating feed for posts
[2026-08-17 10:29:20] ERROR Errno::ECONNRESET: An existing connection was forcibly closed by the remote host. @ io_fillbuf - fd:6 
	C:/Ruby33-x64/lib/ruby/gems/3.3.0/gems/webrick-1.9.2/lib/webrick/httpserver.rb:82:in `eof?'
	C:/Ruby33-x64/lib/ruby/gems/3.3.0/gems/webrick-1.9.2/lib/webrick/httpserver.rb:82:in `run'
	C:/Ruby33-x64/lib/ruby/gems/3.3.0/gems/webrick-1.9.2/lib/webrick/server.rb:309:in `block in start_thread'
                    ...done in 4.8420769 seconds.
                    
      Regenerating: 1 file(s) changed at 2026-08-17 10:29:20
                    wheel-picker-serve.out.log
       Jekyll Feed: Generating feed for posts
                    ...done in 4.8099192 seconds.
                    
      Regenerating: 1 file(s) changed at 2026-08-17 10:29:25
                    wheel-picker-serve.out.log
       Jekyll Feed: Generating feed for posts
                    ...done in 4.7327977 seconds.
                    
      Regenerating: 1 file(s) changed at 2026-08-17 10:29:30
                    wheel-picker-serve.out.log
       Jekyll Feed: Generating feed for posts
                    ...done in 4.6881697 seconds.
                    
      Regenerating: 1 file(s) changed at 2026-08-17 10:29:35
                    wheel-picker-serve.out.log
       Jekyll Feed: Generating feed for posts
                    ...done in 4.5031661 seconds.
                    
      Regenerating: 1 file(s) changed at 2026-08-17 10:29:39
                    wheel-picker-serve.out.log
       Jekyll Feed: Generating feed for posts
                    ...done in 4.4898192 seconds.
                    
      Regenerating: 1 file(s) changed at 2026-08-17 10:29:44
                    wheel-picker-serve.out.log
       Jekyll Feed: Generating feed for posts
                    ...done in 4.4488654 seconds.
                    
      Regenerating: 1 file(s) changed at 2026-08-17 10:29:48
                    wheel-picker-serve.out.log
       Jekyll Feed: Generating feed for posts
                    ...done in 4.6865194 seconds.
                    
      Regenerating: 1 file(s) changed at 2026-08-17 10:29:53
                    wheel-picker-serve.out.log
       Jekyll Feed: Generating feed for posts
                    ...done in 4.3309252 seconds.
                    
      Regenerating: 1 file(s) changed at 2026-08-17 10:29:58
                    wheel-picker-serve.out.log
       Jekyll Feed: Generating feed for posts
                    ...done in 4.326698 seconds.
                    
      Regenerating: 1 file(s) changed at 2026-08-17 10:30:02
                    wheel-picker-serve.out.log
       Jekyll Feed: Generating feed for posts
                    ...done in 4.4111091 seconds.
                    
      Regenerating: 1 file(s) changed at 2026-08-17 10:30:06
                    wheel-picker-serve.out.log
       Jekyll Feed: Generating feed for posts
                    ...done in 4.4685029 seconds.
                    
      Regenerating: 1 file(s) changed at 2026-08-17 10:30:11
                    wheel-picker-serve.out.log
       Jekyll Feed: Generating feed for posts
                    ...done in 4.316273 seconds.
                    
      Regenerating: 1 file(s) changed at 2026-08-17 10:30:15
                    wheel-picker-serve.out.log
       Jekyll Feed: Generating feed for posts
                    ...done in 4.2358287 seconds.
                    
      Regenerating: 1 file(s) changed at 2026-08-17 10:30:20
                    wheel-picker-serve.out.log
       Jekyll Feed: Generating feed for posts
                    ...done in 4.2751589 seconds.
                    
      Regenerating: 1 file(s) changed at 2026-08-17 10:30:24
                    wheel-picker-serve.out.log
       Jekyll Feed: Generating feed for posts
                    ...done in 4.2154077 seconds.
                    
      Regenerating: 2 file(s) changed at 2026-08-17 10:30:28
                    _pages/about.md
                    wheel-picker-serve.out.log
       Jekyll Feed: Generating feed for posts
                    ...done in 4.3339366 seconds.
                    
      Regenerating: 1 file(s) changed at 2026-08-17 10:30:33
                    wheel-picker-serve.out.log
       Jekyll Feed: Generating feed for posts
                    ...done in 4.4178009 seconds.
                    
      Regenerating: 2 file(s) changed at 2026-08-17 10:30:37
                    wheel-picker-serve.out.log
                    _pages/about.md
       Jekyll Feed: Generating feed for posts
                    ...done in 4.444188 seconds.
                    
      Regenerating: 1 file(s) changed at 2026-08-17 10:30:42
                    wheel-picker-serve.out.log
       Jekyll Feed: Generating feed for posts
[2026-08-17 10:30:45] ERROR Errno::ECONNRESET: An existing connection was forcibly closed by the remote host. @ io_fillbuf - fd:6 
	C:/Ruby33-x64/lib/ruby/gems/3.3.0/gems/webrick-1.9.2/lib/webrick/httpserver.rb:82:in `eof?'
	C:/Ruby33-x64/lib/ruby/gems/3.3.0/gems/webrick-1.9.2/lib/webrick/httpserver.rb:82:in `run'
	C:/Ruby33-x64/lib/ruby/gems/3.3.0/gems/webrick-1.9.2/lib/webrick/server.rb:309:in `block in start_thread'
                    ...done in 4.4839977 seconds.
                    
      Regenerating: 1 file(s) changed at 2026-08-17 10:30:46
                    wheel-picker-serve.out.log
       Jekyll Feed: Generating feed for posts
                    ...done in 4.2939022 seconds.
                    
      Regenerating: 1 file(s) changed at 2026-08-17 10:30:50
                    wheel-picker-serve.out.log
       Jekyll Feed: Generating feed for posts
                    ...done in 4.1750397 seconds.
                    
      Regenerating: 1 file(s) changed at 2026-08-17 10:30:55
                    wheel-picker-serve.out.log
       Jekyll Feed: Generating feed for posts
                    ...done in 4.3371237 seconds.
                    
      Regenerating: 1 file(s) changed at 2026-08-17 10:30:59
                    wheel-picker-serve.out.log
       Jekyll Feed: Generating feed for posts
                    ...done in 4.196959 seconds.
                    
      Regenerating: 1 file(s) changed at 2026-08-17 10:31:03
                    wheel-picker-serve.out.log
       Jekyll Feed: Generating feed for posts
                    ...done in 4.1338566 seconds.
                    
      Regenerating: 1 file(s) changed at 2026-08-17 10:31:08
                    wheel-picker-serve.out.log
       Jekyll Feed: Generating feed for posts
                    ...done in 4.1718157 seconds.
                    
      Regenerating: 1 file(s) changed at 2026-08-17 10:31:12
                    wheel-picker-serve.out.log
       Jekyll Feed: Generating feed for posts
                    ...done in 4.1713058 seconds.
                    
      Regenerating: 1 file(s) changed at 2026-08-17 10:31:16
                    wheel-picker-serve.out.log
       Jekyll Feed: Generating feed for posts
                    ...done in 4.0368563 seconds.
                    
      Regenerating: 1 file(s) changed at 2026-08-17 10:31:20
                    wheel-picker-serve.out.log
       Jekyll Feed: Generating feed for posts
                    ...done in 4.1430849 seconds.
                    
      Regenerating: 1 file(s) changed at 2026-08-17 10:31:24
                    wheel-picker-serve.out.log
       Jekyll Feed: Generating feed for posts
                    ...done in 4.7800235 seconds.
                    
      Regenerating: 1 file(s) changed at 2026-08-17 10:31:29
                    wheel-picker-serve.out.log
       Jekyll Feed: Generating feed for posts
                    ...done in 4.5826133 seconds.
                    
      Regenerating: 1 file(s) changed at 2026-08-17 10:31:34
                    wheel-picker-serve.out.log
       Jekyll Feed: Generating feed for posts
                    ...done in 4.4362329 seconds.
                    
      Regenerating: 1 file(s) changed at 2026-08-17 10:31:38
                    wheel-picker-serve.out.log
       Jekyll Feed: Generating feed for posts
                    ...done in 4.5141393 seconds.
                    
      Regenerating: 1 file(s) changed at 2026-08-17 10:31:43
                    wheel-picker-serve.out.log
       Jekyll Feed: Generating feed for posts
                    ...done in 4.4988121 seconds.
                    
      Regenerating: 1 file(s) changed at 2026-08-17 10:31:47
                    wheel-picker-serve.out.log
       Jekyll Feed: Generating feed for posts
                    ...done in 4.3467995 seconds.
                    
      Regenerating: 1 file(s) changed at 2026-08-17 10:31:52
                    wheel-picker-serve.out.log
       Jekyll Feed: Generating feed for posts
                    ...done in 4.4842048 seconds.
                    
      Regenerating: 1 file(s) changed at 2026-08-17 10:31:56
                    wheel-picker-serve.out.log
       Jekyll Feed: Generating feed for posts
                    ...done in 4.5391409 seconds.
                    
      Regenerating: 1 file(s) changed at 2026-08-17 10:32:01
                    wheel-picker-serve.out.log
       Jekyll Feed: Generating feed for posts
                    ...done in 4.6790786 seconds.
                    
      Regenerating: 1 file(s) changed at 2026-08-17 10:32:06
                    wheel-picker-serve.out.log
       Jekyll Feed: Generating feed for posts
                    ...done in 4.3531511 seconds.
                    
      Regenerating: 1 file(s) changed at 2026-08-17 10:32:10
                    wheel-picker-serve.out.log
       Jekyll Feed: Generating feed for posts
                    ...done in 4.3070777 seconds.
                    
      Regenerating: 1 file(s) changed at 2026-08-17 10:32:14
                    wheel-picker-serve.out.log
       Jekyll Feed: Generating feed for posts
                    ...done in 4.1621137 seconds.
                    
      Regenerating: 1 file(s) changed at 2026-08-17 10:32:19
                    wheel-picker-serve.out.log
       Jekyll Feed: Generating feed for posts
                    ...done in 4.1519296 seconds.
                    
      Regenerating: 1 file(s) changed at 2026-08-17 10:32:23
                    wheel-picker-serve.out.log
       Jekyll Feed: Generating feed for posts
                    ...done in 4.5293175 seconds.
                    
      Regenerating: 1 file(s) changed at 2026-08-17 10:32:28
                    wheel-picker-serve.out.log
       Jekyll Feed: Generating feed for posts
                    ...done in 4.3068398 seconds.
                    
      Regenerating: 1 file(s) changed at 2026-08-17 10:32:32
                    wheel-picker-serve.out.log
       Jekyll Feed: Generating feed for posts
                    ...done in 4.637935 seconds.
                    
      Regenerating: 1 file(s) changed at 2026-08-17 10:32:37
                    wheel-picker-serve.out.log
       Jekyll Feed: Generating feed for posts
                    ...done in 4.7953843 seconds.
                    
      Regenerating: 1 file(s) changed at 2026-08-17 10:32:41
                    wheel-picker-serve.out.log
       Jekyll Feed: Generating feed for posts
                    ...done in 4.7877694 seconds.
                    
      Regenerating: 1 file(s) changed at 2026-08-17 10:32:46
                    wheel-picker-serve.out.log
       Jekyll Feed: Generating feed for posts
                    ...done in 4.690803 seconds.
                    
      Regenerating: 1 file(s) changed at 2026-08-17 10:32:51
                    wheel-picker-serve.out.log
       Jekyll Feed: Generating feed for posts
                    ...done in 4.5275566 seconds.
                    
      Regenerating: 1 file(s) changed at 2026-08-17 10:32:56
                    wheel-picker-serve.out.log
       Jekyll Feed: Generating feed for posts
                    ...done in 4.6762936 seconds.
                    
      Regenerating: 1 file(s) changed at 2026-08-17 10:33:00
                    wheel-picker-serve.out.log
       Jekyll Feed: Generating feed for posts
                    ...done in 4.6512797 seconds.
                    
      Regenerating: 1 file(s) changed at 2026-08-17 10:33:05
                    wheel-picker-serve.out.log
       Jekyll Feed: Generating feed for posts
                    ...done in 4.9448146 seconds.
                    
      Regenerating: 1 file(s) changed at 2026-08-17 10:33:10
                    wheel-picker-serve.out.log
       Jekyll Feed: Generating feed for posts
                    ...done in 4.7879292 seconds.
                    
      Regenerating: 1 file(s) changed at 2026-08-17 10:33:15
                    wheel-picker-serve.out.log
       Jekyll Feed: Generating feed for posts
                    ...done in 4.798744 seconds.
                    
      Regenerating: 1 file(s) changed at 2026-08-17 10:33:20
                    wheel-picker-serve.out.log
       Jekyll Feed: Generating feed for posts
                    ...done in 4.7537089 seconds.
                    
      Regenerating: 1 file(s) changed at 2026-08-17 10:33:25
                    wheel-picker-serve.out.log
       Jekyll Feed: Generating feed for posts
                    ...done in 4.6395181 seconds.
                    
      Regenerating: 1 file(s) changed at 2026-08-17 10:33:29
                    wheel-picker-serve.out.log
       Jekyll Feed: Generating feed for posts
                    ...done in 4.8311311 seconds.
                    
      Regenerating: 1 file(s) changed at 2026-08-17 10:33:34
                    wheel-picker-serve.out.log
       Jekyll Feed: Generating feed for posts
                    ...done in 4.6939012 seconds.
                    
      Regenerating: 1 file(s) changed at 2026-08-17 10:33:39
                    wheel-picker-serve.out.log
       Jekyll Feed: Generating feed for posts
                    ...done in 4.6315292 seconds.
                    
      Regenerating: 1 file(s) changed at 2026-08-17 10:33:44
                    wheel-picker-serve.out.log
       Jekyll Feed: Generating feed for posts
                    ...done in 4.3514612 seconds.
                    
      Regenerating: 1 file(s) changed at 2026-08-17 10:33:48
                    wheel-picker-serve.out.log
       Jekyll Feed: Generating feed for posts
                    ...done in 4.4604675 seconds.
                    
      Regenerating: 1 file(s) changed at 2026-08-17 10:33:53
                    wheel-picker-serve.out.log
       Jekyll Feed: Generating feed for posts
                    ...done in 4.6689782 seconds.
                    
      Regenerating: 1 file(s) changed at 2026-08-17 10:33:57
                    wheel-picker-serve.out.log
       Jekyll Feed: Generating feed for posts
                    ...done in 4.6247807 seconds.
                    
      Regenerating: 2 file(s) changed at 2026-08-17 10:34:02
                    wheel-picker-serve.out.log
                    _pages/about.md
       Jekyll Feed: Generating feed for posts
                    ...done in 4.5357234 seconds.
                    
      Regenerating: 2 file(s) changed at 2026-08-17 10:34:07
                    wheel-picker-serve.out.log
                    _pages/about.md
       Jekyll Feed: Generating feed for posts
                    ...done in 4.6601542 seconds.
                    
      Regenerating: 1 file(s) changed at 2026-08-17 10:34:11
                    wheel-picker-serve.out.log
       Jekyll Feed: Generating feed for posts
                    ...done in 4.9328342 seconds.
                    
      Regenerating: 1 file(s) changed at 2026-08-17 10:34:16
                    wheel-picker-serve.out.log
       Jekyll Feed: Generating feed for posts
[2026-08-17 10:34:19] ERROR Errno::ECONNRESET: An existing connection was forcibly closed by the remote host. @ io_fillbuf - fd:6 
	C:/Ruby33-x64/lib/ruby/gems/3.3.0/gems/webrick-1.9.2/lib/webrick/httpserver.rb:82:in `eof?'
	C:/Ruby33-x64/lib/ruby/gems/3.3.0/gems/webrick-1.9.2/lib/webrick/httpserver.rb:82:in `run'
	C:/Ruby33-x64/lib/ruby/gems/3.3.0/gems/webrick-1.9.2/lib/webrick/server.rb:309:in `block in start_thread'
                    ...done in 4.6148739 seconds.
                    
      Regenerating: 1 file(s) changed at 2026-08-17 10:34:21
                    wheel-picker-serve.out.log
       Jekyll Feed: Generating feed for posts
                    ...done in 4.7954228 seconds.
                    
      Regenerating: 1 file(s) changed at 2026-08-17 10:34:26
                    wheel-picker-serve.out.log
       Jekyll Feed: Generating feed for posts
                    ...done in 4.5430689 seconds.
                    
      Regenerating: 1 file(s) changed at 2026-08-17 10:34:30
                    wheel-picker-serve.out.log
       Jekyll Feed: Generating feed for posts
                    ...done in 4.5544291 seconds.
                    
      Regenerating: 1 file(s) changed at 2026-08-17 10:34:35
                    wheel-picker-serve.out.log
       Jekyll Feed: Generating feed for posts
                    ...done in 4.597974 seconds.
                    
      Regenerating: 1 file(s) changed at 2026-08-17 10:34:40
                    wheel-picker-serve.out.log
       Jekyll Feed: Generating feed for posts
                    ...done in 4.6534896 seconds.
                    
      Regenerating: 1 file(s) changed at 2026-08-17 10:34:44
                    wheel-picker-serve.out.log
       Jekyll Feed: Generating feed for posts
                    ...done in 4.5305241 seconds.
                    
      Regenerating: 1 file(s) changed at 2026-08-17 10:34:49
                    wheel-picker-serve.out.log
       Jekyll Feed: Generating feed for posts
                    ...done in 4.4355934 seconds.
                    
      Regenerating: 1 file(s) changed at 2026-08-17 10:34:53
                    wheel-picker-serve.out.log
       Jekyll Feed: Generating feed for posts
                    ...done in 4.5096271 seconds.
                    
      Regenerating: 1 file(s) changed at 2026-08-17 10:34:58
                    wheel-picker-serve.out.log
       Jekyll Feed: Generating feed for posts
                    ...done in 4.4207608 seconds.
                    
      Regenerating: 1 file(s) changed at 2026-08-17 10:35:02
                    wheel-picker-serve.out.log
       Jekyll Feed: Generating feed for posts
                    ...done in 4.3881662 seconds.
                    
      Regenerating: 1 file(s) changed at 2026-08-17 10:35:07
                    wheel-picker-serve.out.log
       Jekyll Feed: Generating feed for posts
                    ...done in 4.4225981 seconds.
                    
      Regenerating: 1 file(s) changed at 2026-08-17 10:35:11
                    wheel-picker-serve.out.log
       Jekyll Feed: Generating feed for posts
                    ...done in 4.4731806 seconds.
                    
      Regenerating: 2 file(s) changed at 2026-08-17 10:35:16
                    wheel-picker-serve.out.log
                    _pages/about.md
       Jekyll Feed: Generating feed for posts
                    ...done in 4.8326197 seconds.
                    
      Regenerating: 1 file(s) changed at 2026-08-17 10:35:21
                    wheel-picker-serve.out.log
       Jekyll Feed: Generating feed for posts
                    ...done in 4.6964992 seconds.
                    
      Regenerating: 1 file(s) changed at 2026-08-17 10:35:26
                    wheel-picker-serve.out.log
       Jekyll Feed: Generating feed for posts
[2026-08-17 10:35:28] ERROR Errno::ECONNRESET: An existing connection was forcibly closed by the remote host. @ io_fillbuf - fd:6 
	C:/Ruby33-x64/lib/ruby/gems/3.3.0/gems/webrick-1.9.2/lib/webrick/httpserver.rb:82:in `eof?'
	C:/Ruby33-x64/lib/ruby/gems/3.3.0/gems/webrick-1.9.2/lib/webrick/httpserver.rb:82:in `run'
	C:/Ruby33-x64/lib/ruby/gems/3.3.0/gems/webrick-1.9.2/lib/webrick/server.rb:309:in `block in start_thread'
                    ...done in 4.5858698 seconds.
                    
      Regenerating: 1 file(s) changed at 2026-08-17 10:35:30
                    wheel-picker-serve.out.log
       Jekyll Feed: Generating feed for posts
                    ...done in 4.5274553 seconds.
                    
      Regenerating: 1 file(s) changed at 2026-08-17 10:35:35
                    wheel-picker-serve.out.log
       Jekyll Feed: Generating feed for posts
                    ...done in 4.582158 seconds.
                    
      Regenerating: 1 file(s) changed at 2026-08-17 10:35:39
                    wheel-picker-serve.out.log
       Jekyll Feed: Generating feed for posts
                    ...done in 4.556698 seconds.
                    
      Regenerating: 1 file(s) changed at 2026-08-17 10:35:44
                    wheel-picker-serve.out.log
       Jekyll Feed: Generating feed for posts
                    ...done in 4.3652501 seconds.
                    
      Regenerating: 1 file(s) changed at 2026-08-17 10:35:49
                    wheel-picker-serve.out.log
       Jekyll Feed: Generating feed for posts
                    ...done in 4.7144995 seconds.
                    
      Regenerating: 1 file(s) changed at 2026-08-17 10:35:53
                    wheel-picker-serve.out.log
       Jekyll Feed: Generating feed for posts
                    ...done in 4.4489491 seconds.
                    
      Regenerating: 1 file(s) changed at 2026-08-17 10:35:58
                    wheel-picker-serve.out.log
       Jekyll Feed: Generating feed for posts
                    ...done in 4.5125973 seconds.
                    
      Regenerating: 1 file(s) changed at 2026-08-17 10:36:02
                    wheel-picker-serve.out.log
       Jekyll Feed: Generating feed for posts
                    ...done in 4.3692898 seconds.
                    
      Regenerating: 1 file(s) changed at 2026-08-17 10:36:07
                    wheel-picker-serve.out.log
       Jekyll Feed: Generating feed for posts
                    ...done in 4.6007381 seconds.
                    
      Regenerating: 1 file(s) changed at 2026-08-17 10:36:11
                    wheel-picker-serve.out.log
       Jekyll Feed: Generating feed for posts
                    ...done in 4.6147933 seconds.
                    
      Regenerating: 1 file(s) changed at 2026-08-17 10:36:16
                    wheel-picker-serve.out.log
       Jekyll Feed: Generating feed for posts
                    ...done in 4.4816267 seconds.
                    
      Regenerating: 1 file(s) changed at 2026-08-17 10:36:21
                    wheel-picker-serve.out.log
       Jekyll Feed: Generating feed for posts
                    ...done in 4.4808074 seconds.
                    
      Regenerating: 1 file(s) changed at 2026-08-17 10:36:25
                    wheel-picker-serve.out.log
       Jekyll Feed: Generating feed for posts
                    ...done in 4.3857596 seconds.
                    
      Regenerating: 1 file(s) changed at 2026-08-17 10:36:30
                    wheel-picker-serve.out.log
       Jekyll Feed: Generating feed for posts
                    ...done in 4.4338218 seconds.
                    
      Regenerating: 1 file(s) changed at 2026-08-17 10:36:34
                    wheel-picker-serve.out.log
       Jekyll Feed: Generating feed for posts
                    ...done in 4.5562757 seconds.
                    
      Regenerating: 1 file(s) changed at 2026-08-17 10:36:39
                    wheel-picker-serve.out.log
       Jekyll Feed: Generating feed for posts
                    ...done in 4.4145619 seconds.
                    
      Regenerating: 1 file(s) changed at 2026-08-17 10:36:43
                    wheel-picker-serve.out.log
       Jekyll Feed: Generating feed for posts
                    ...done in 4.7327491 seconds.
                    
      Regenerating: 1 file(s) changed at 2026-08-17 10:36:48
                    wheel-picker-serve.out.log
       Jekyll Feed: Generating feed for posts
                    ...done in 4.6192685 seconds.
                    
      Regenerating: 1 file(s) changed at 2026-08-17 10:36:53
                    wheel-picker-serve.out.log
       Jekyll Feed: Generating feed for posts
                    ...done in 4.8282463 seconds.
                    
      Regenerating: 1 file(s) changed at 2026-08-17 10:36:58
                    wheel-picker-serve.out.log
       Jekyll Feed: Generating feed for posts
                    ...done in 4.7848752 seconds.
                    
      Regenerating: 1 file(s) changed at 2026-08-17 10:37:02
                    wheel-picker-serve.out.log
       Jekyll Feed: Generating feed for posts
                    ...done in 4.6669646 seconds.
                    
      Regenerating: 1 file(s) changed at 2026-08-17 10:37:07
                    wheel-picker-serve.out.log
       Jekyll Feed: Generating feed for posts
                    ...done in 4.6359782 seconds.
                    
      Regenerating: 1 file(s) changed at 2026-08-17 10:37:12
                    wheel-picker-serve.out.log
       Jekyll Feed: Generating feed for posts
                    ...done in 4.4966215 seconds.
                    
      Regenerating: 1 file(s) changed at 2026-08-17 10:37:16
                    wheel-picker-serve.out.log
       Jekyll Feed: Generating feed for posts
                    ...done in 4.7313126 seconds.
                    
      Regenerating: 1 file(s) changed at 2026-08-17 10:37:21
                    wheel-picker-serve.out.log
       Jekyll Feed: Generating feed for posts
                    ...done in 4.9549794 seconds.
                    
      Regenerating: 1 file(s) changed at 2026-08-17 10:37:26
                    wheel-picker-serve.out.log
       Jekyll Feed: Generating feed for posts
                    ...done in 4.7088216 seconds.
                    
      Regenerating: 1 file(s) changed at 2026-08-17 10:37:31
                    wheel-picker-serve.out.log
       Jekyll Feed: Generating feed for posts
                    ...done in 4.9531416 seconds.
                    
      Regenerating: 1 file(s) changed at 2026-08-17 10:37:36
                    wheel-picker-serve.out.log
       Jekyll Feed: Generating feed for posts
                    ...done in 4.7700679 seconds.
                    
      Regenerating: 1 file(s) changed at 2026-08-17 10:37:41
                    wheel-picker-serve.out.log
       Jekyll Feed: Generating feed for posts
                    ...done in 4.7163065 seconds.
                    
      Regenerating: 1 file(s) changed at 2026-08-17 10:37:46
                    wheel-picker-serve.out.log
       Jekyll Feed: Generating feed for posts
                    ...done in 4.2707363 seconds.
                    
      Regenerating: 1 file(s) changed at 2026-08-17 10:37:50
                    wheel-picker-serve.out.log
       Jekyll Feed: Generating feed for posts
                    ...done in 4.5706858 seconds.
                    
      Regenerating: 1 file(s) changed at 2026-08-17 10:37:55
                    wheel-picker-serve.out.log
       Jekyll Feed: Generating feed for posts
                    ...done in 4.5079998 seconds.
                    
      Regenerating: 1 file(s) changed at 2026-08-17 10:37:59
                    wheel-picker-serve.out.log
       Jekyll Feed: Generating feed for posts
                    ...done in 4.7370402 seconds.
                    
      Regenerating: 1 file(s) changed at 2026-08-17 10:38:04
                    wheel-picker-serve.out.log
       Jekyll Feed: Generating feed for posts
                    ...done in 4.931816 seconds.
                    
      Regenerating: 1 file(s) changed at 2026-08-17 10:38:09
                    wheel-picker-serve.out.log
       Jekyll Feed: Generating feed for posts
                    ...done in 4.703089 seconds.
                    
      Regenerating: 1 file(s) changed at 2026-08-17 10:38:14
                    wheel-picker-serve.out.log
       Jekyll Feed: Generating feed for posts
                    ...done in 4.5378624 seconds.
                    
      Regenerating: 2 file(s) changed at 2026-08-17 10:38:18
                    wheel-picker-serve.out.log
                    _pages/about.md
       Jekyll Feed: Generating feed for posts
                    ...done in 4.7447875 seconds.
                    
      Regenerating: 1 file(s) changed at 2026-08-17 10:38:23
                    wheel-picker-serve.out.log
       Jekyll Feed: Generating feed for posts
                    ...done in 5.1010446 seconds.
                    
      Regenerating: 1 file(s) changed at 2026-08-17 10:38:28
                    wheel-picker-serve.out.log
       Jekyll Feed: Generating feed for posts
[2026-08-17 10:38:30] ERROR Errno::ECONNRESET: An existing connection was forcibly closed by the remote host. @ io_fillbuf - fd:6 
	C:/Ruby33-x64/lib/ruby/gems/3.3.0/gems/webrick-1.9.2/lib/webrick/httpserver.rb:82:in `eof?'
	C:/Ruby33-x64/lib/ruby/gems/3.3.0/gems/webrick-1.9.2/lib/webrick/httpserver.rb:82:in `run'
	C:/Ruby33-x64/lib/ruby/gems/3.3.0/gems/webrick-1.9.2/lib/webrick/server.rb:309:in `block in start_thread'
                    ...done in 4.5971072 seconds.
                    
      Regenerating: 1 file(s) changed at 2026-08-17 10:38:33
                    wheel-picker-serve.out.log
       Jekyll Feed: Generating feed for posts
                    ...done in 4.8075074 seconds.
                    
      Regenerating: 1 file(s) changed at 2026-08-17 10:38:38
                    wheel-picker-serve.out.log
       Jekyll Feed: Generating feed for posts
                    ...done in 4.8362665 seconds.
                    
      Regenerating: 1 file(s) changed at 2026-08-17 10:38:43
                    wheel-picker-serve.out.log
       Jekyll Feed: Generating feed for posts
                    ...done in 4.87386 seconds.
                    
      Regenerating: 1 file(s) changed at 2026-08-17 10:38:48
                    wheel-picker-serve.out.log
       Jekyll Feed: Generating feed for posts
                    ...done in 4.6735627 seconds.
                    
      Regenerating: 1 file(s) changed at 2026-08-17 10:38:52
                    wheel-picker-serve.out.log
       Jekyll Feed: Generating feed for posts
                    ...done in 4.4961705 seconds.
                    
      Regenerating: 1 file(s) changed at 2026-08-17 10:38:57
                    wheel-picker-serve.out.log
       Jekyll Feed: Generating feed for posts
                    ...done in 4.1892525 seconds.
                    
      Regenerating: 1 file(s) changed at 2026-08-17 10:39:01
                    wheel-picker-serve.out.log
       Jekyll Feed: Generating feed for posts
                    ...done in 4.4038857 seconds.
                    
      Regenerating: 1 file(s) changed at 2026-08-17 10:39:06
                    wheel-picker-serve.out.log
       Jekyll Feed: Generating feed for posts
                    ...done in 4.4913301 seconds.
                    
      Regenerating: 1 file(s) changed at 2026-08-17 10:39:10
                    wheel-picker-serve.out.log
       Jekyll Feed: Generating feed for posts
                    ...done in 4.5440441 seconds.
                    
      Regenerating: 1 file(s) changed at 2026-08-17 10:39:15
                    wheel-picker-serve.out.log
       Jekyll Feed: Generating feed for posts
                    ...done in 4.4826558 seconds.
                    
      Regenerating: 1 file(s) changed at 2026-08-17 10:39:19
                    wheel-picker-serve.out.log
       Jekyll Feed: Generating feed for posts
                    ...done in 4.6838822 seconds.
                    
      Regenerating: 1 file(s) changed at 2026-08-17 10:39:24
                    wheel-picker-serve.out.log
       Jekyll Feed: Generating feed for posts
                    ...done in 4.2665008 seconds.
                    
      Regenerating: 1 file(s) changed at 2026-08-17 10:39:28
                    wheel-picker-serve.out.log
       Jekyll Feed: Generating feed for posts
                    ...done in 4.468203 seconds.
                    
      Regenerating: 1 file(s) changed at 2026-08-17 10:39:33
                    wheel-picker-serve.out.log
       Jekyll Feed: Generating feed for posts
                    ...done in 4.6519276 seconds.
                    
      Regenerating: 1 file(s) changed at 2026-08-17 10:39:38
                    wheel-picker-serve.out.log
       Jekyll Feed: Generating feed for posts
                    ...done in 4.4606784 seconds.
                    
      Regenerating: 1 file(s) changed at 2026-08-17 10:39:42
                    wheel-picker-serve.out.log
       Jekyll Feed: Generating feed for posts
                    ...done in 4.6820424 seconds.
                    
      Regenerating: 1 file(s) changed at 2026-08-17 10:39:47
                    wheel-picker-serve.out.log
       Jekyll Feed: Generating feed for posts
                    ...done in 4.254055 seconds.
                    
      Regenerating: 1 file(s) changed at 2026-08-17 10:39:51
                    wheel-picker-serve.out.log
       Jekyll Feed: Generating feed for posts
                    ...done in 4.2713109 seconds.
                    
      Regenerating: 1 file(s) changed at 2026-08-17 10:39:55
                    wheel-picker-serve.out.log
       Jekyll Feed: Generating feed for posts
                    ...done in 4.3951741 seconds.
                    
      Regenerating: 1 file(s) changed at 2026-08-17 10:40:00
                    wheel-picker-serve.out.log
       Jekyll Feed: Generating feed for posts
                    ...done in 4.5060221 seconds.
                    
      Regenerating: 1 file(s) changed at 2026-08-17 10:40:04
                    wheel-picker-serve.out.log
       Jekyll Feed: Generating feed for posts
                    ...done in 4.8397683 seconds.
                    
      Regenerating: 1 file(s) changed at 2026-08-17 10:40:09
                    wheel-picker-serve.out.log
       Jekyll Feed: Generating feed for posts
                    ...done in 4.8069973 seconds.
                    
      Regenerating: 1 file(s) changed at 2026-08-17 10:40:14
                    wheel-picker-serve.out.log
       Jekyll Feed: Generating feed for posts
                    ...done in 4.9186673 seconds.
                    
      Regenerating: 1 file(s) changed at 2026-08-17 10:40:19
                    wheel-picker-serve.out.log
       Jekyll Feed: Generating feed for posts
                    ...done in 4.674248 seconds.
                    
      Regenerating: 1 file(s) changed at 2026-08-17 10:40:24
                    wheel-picker-serve.out.log
       Jekyll Feed: Generating feed for posts
                    ...done in 4.8322894 seconds.
                    
      Regenerating: 1 file(s) changed at 2026-08-17 10:40:29
                    wheel-picker-serve.out.log
       Jekyll Feed: Generating feed for posts
                    ...done in 4.4607431 seconds.
                    
      Regenerating: 1 file(s) changed at 2026-08-17 10:40:33
                    wheel-picker-serve.out.log
       Jekyll Feed: Generating feed for posts
                    ...done in 4.2929127 seconds.
                    
      Regenerating: 1 file(s) changed at 2026-08-17 10:40:38
                    wheel-picker-serve.out.log
       Jekyll Feed: Generating feed for posts
                    ...done in 4.5666663 seconds.
                    
      Regenerating: 1 file(s) changed at 2026-08-17 10:40:42
                    wheel-picker-serve.out.log
       Jekyll Feed: Generating feed for posts
                    ...done in 4.5607713 seconds.
                    
      Regenerating: 1 file(s) changed at 2026-08-17 10:40:47
                    wheel-picker-serve.out.log
       Jekyll Feed: Generating feed for posts
                    ...done in 4.7608389 seconds.
                    
      Regenerating: 1 file(s) changed at 2026-08-17 10:40:52
                    wheel-picker-serve.out.log
       Jekyll Feed: Generating feed for posts
                    ...done in 4.5696594 seconds.
                    
      Regenerating: 2 file(s) changed at 2026-08-17 10:40:56
                    wheel-picker-serve.out.log
                    _pages/about.md
       Jekyll Feed: Generating feed for posts
                    ...done in 4.3254081 seconds.
                    
      Regenerating: 1 file(s) changed at 2026-08-17 10:41:01
                    wheel-picker-serve.out.log
       Jekyll Feed: Generating feed for posts
                    ...done in 4.4364973 seconds.
                    
      Regenerating: 1 file(s) changed at 2026-08-17 10:41:05
                    wheel-picker-serve.out.log
       Jekyll Feed: Generating feed for posts
                    ...done in 4.296908 seconds.
                    
      Regenerating: 1 file(s) changed at 2026-08-17 10:41:10
                    wheel-picker-serve.out.log
       Jekyll Feed: Generating feed for posts
                    ...done in 4.7288868 seconds.
                    
      Regenerating: 1 file(s) changed at 2026-08-17 10:41:14
                    wheel-picker-serve.out.log
       Jekyll Feed: Generating feed for posts
[2026-08-17 10:41:15] ERROR Errno::ECONNRESET: An existing connection was forcibly closed by the remote host. @ io_fillbuf - fd:6 
	C:/Ruby33-x64/lib/ruby/gems/3.3.0/gems/webrick-1.9.2/lib/webrick/httpserver.rb:82:in `eof?'
	C:/Ruby33-x64/lib/ruby/gems/3.3.0/gems/webrick-1.9.2/lib/webrick/httpserver.rb:82:in `run'
	C:/Ruby33-x64/lib/ruby/gems/3.3.0/gems/webrick-1.9.2/lib/webrick/server.rb:309:in `block in start_thread'
                    ...done in 4.4083963 seconds.
                    
      Regenerating: 1 file(s) changed at 2026-08-17 10:41:19
                    wheel-picker-serve.out.log
       Jekyll Feed: Generating feed for posts
                    ...done in 4.3392777 seconds.
                    
      Regenerating: 1 file(s) changed at 2026-08-17 10:41:23
                    wheel-picker-serve.out.log
       Jekyll Feed: Generating feed for posts
                    ...done in 4.2599636 seconds.
                    
      Regenerating: 1 file(s) changed at 2026-08-17 10:41:28
                    wheel-picker-serve.out.log
       Jekyll Feed: Generating feed for posts
                    ...done in 4.3094761 seconds.
                    
      Regenerating: 2 file(s) changed at 2026-08-17 10:41:32
                    wheel-picker-serve.out.log
                    _pages/about.md
       Jekyll Feed: Generating feed for posts
                    ...done in 4.3708109 seconds.
                    
      Regenerating: 1 file(s) changed at 2026-08-17 10:41:36
                    wheel-picker-serve.out.log
       Jekyll Feed: Generating feed for posts
                    ...done in 4.5251208 seconds.
                    
      Regenerating: 1 file(s) changed at 2026-08-17 10:41:41
                    wheel-picker-serve.out.log
       Jekyll Feed: Generating feed for posts
[2026-08-17 10:41:43] ERROR Errno::ECONNRESET: An existing connection was forcibly closed by the remote host. @ io_fillbuf - fd:6 
	C:/Ruby33-x64/lib/ruby/gems/3.3.0/gems/webrick-1.9.2/lib/webrick/httpserver.rb:82:in `eof?'
	C:/Ruby33-x64/lib/ruby/gems/3.3.0/gems/webrick-1.9.2/lib/webrick/httpserver.rb:82:in `run'
	C:/Ruby33-x64/lib/ruby/gems/3.3.0/gems/webrick-1.9.2/lib/webrick/server.rb:309:in `block in start_thread'
                    ...done in 4.8049739 seconds.
                    
      Regenerating: 1 file(s) changed at 2026-08-17 10:41:46
                    wheel-picker-serve.out.log
       Jekyll Feed: Generating feed for posts
[2026-08-17 10:41:47] ERROR Errno::ECONNABORTED: An established connection was aborted by the software in your host machine. @ io_fillbuf - fd:17 
	C:/Ruby33-x64/lib/ruby/gems/3.3.0/gems/webrick-1.9.2/lib/webrick/httpserver.rb:82:in `eof?'
	C:/Ruby33-x64/lib/ruby/gems/3.3.0/gems/webrick-1.9.2/lib/webrick/httpserver.rb:82:in `run'
	C:/Ruby33-x64/lib/ruby/gems/3.3.0/gems/webrick-1.9.2/lib/webrick/server.rb:309:in `block in start_thread'
                    ...done in 4.7162064 seconds.
                    
      Regenerating: 1 file(s) changed at 2026-08-17 10:41:51
                    wheel-picker-serve.out.log
       Jekyll Feed: Generating feed for posts
                    ...done in 4.9189326 seconds.
                    
      Regenerating: 1 file(s) changed at 2026-08-17 10:41:56
                    wheel-picker-serve.out.log
       Jekyll Feed: Generating feed for posts
                    ...done in 4.5868826 seconds.
                    
      Regenerating: 1 file(s) changed at 2026-08-17 10:42:00
                    wheel-picker-serve.out.log
       Jekyll Feed: Generating feed for posts
                    ...done in 4.5161088 seconds.
                    
      Regenerating: 1 file(s) changed at 2026-08-17 10:42:05
                    wheel-picker-serve.out.log
       Jekyll Feed: Generating feed for posts
                    ...done in 4.2602577 seconds.
                    
      Regenerating: 1 file(s) changed at 2026-08-17 10:42:09
                    wheel-picker-serve.out.log
       Jekyll Feed: Generating feed for posts
                    ...done in 4.525223 seconds.
                    
      Regenerating: 1 file(s) changed at 2026-08-17 10:42:14
                    wheel-picker-serve.out.log
       Jekyll Feed: Generating feed for posts
                    ...done in 4.2951656 seconds.
                    
      Regenerating: 1 file(s) changed at 2026-08-17 10:42:18
                    wheel-picker-serve.out.log
       Jekyll Feed: Generating feed for posts
                    ...done in 4.3283821 seconds.
                    
      Regenerating: 1 file(s) changed at 2026-08-17 10:42:22
                    wheel-picker-serve.out.log
       Jekyll Feed: Generating feed for posts
                    ...done in 4.3972497 seconds.
                    
      Regenerating: 1 file(s) changed at 2026-08-17 10:42:27
                    wheel-picker-serve.out.log
       Jekyll Feed: Generating feed for posts
                    ...done in 4.5331131 seconds.
                    
      Regenerating: 1 file(s) changed at 2026-08-17 10:42:32
                    wheel-picker-serve.out.log
       Jekyll Feed: Generating feed for posts
                    ...done in 4.3794355 seconds.
                    
      Regenerating: 1 file(s) changed at 2026-08-17 10:42:36
                    wheel-picker-serve.out.log
       Jekyll Feed: Generating feed for posts
                    ...done in 4.5334287 seconds.
                    
      Regenerating: 1 file(s) changed at 2026-08-17 10:42:41
                    wheel-picker-serve.out.log
       Jekyll Feed: Generating feed for posts
                    ...done in 4.6171727 seconds.
                    
      Regenerating: 1 file(s) changed at 2026-08-17 10:42:45
                    wheel-picker-serve.out.log
       Jekyll Feed: Generating feed for posts
                    ...done in 4.5828134 seconds.
                    
      Regenerating: 1 file(s) changed at 2026-08-17 10:42:50
                    wheel-picker-serve.out.log
       Jekyll Feed: Generating feed for posts
                    ...done in 4.686268 seconds.
                    
      Regenerating: 1 file(s) changed at 2026-08-17 10:42:55
                    wheel-picker-serve.out.log
       Jekyll Feed: Generating feed for posts
                    ...done in 4.7350757 seconds.
                    
      Regenerating: 1 file(s) changed at 2026-08-17 10:42:59
                    wheel-picker-serve.out.log
       Jekyll Feed: Generating feed for posts
                    ...done in 4.9043099 seconds.
                    
      Regenerating: 1 file(s) changed at 2026-08-17 10:43:04
                    wheel-picker-serve.out.log
       Jekyll Feed: Generating feed for posts
                    ...done in 4.9655416 seconds.
                    
      Regenerating: 1 file(s) changed at 2026-08-17 10:43:09
                    wheel-picker-serve.out.log
       Jekyll Feed: Generating feed for posts
                    ...done in 5.6619697 seconds.
                    
      Regenerating: 1 file(s) changed at 2026-08-17 10:43:15
                    wheel-picker-serve.out.log
       Jekyll Feed: Generating feed for posts
                    ...done in 5.8744919 seconds.
                    
      Regenerating: 1 file(s) changed at 2026-08-17 10:43:21
                    wheel-picker-serve.out.log
       Jekyll Feed: Generating feed for posts
                    ...done in 5.110317 seconds.
                    
      Regenerating: 1 file(s) changed at 2026-08-17 10:43:26
                    wheel-picker-serve.out.log
       Jekyll Feed: Generating feed for posts
                    ...done in 4.8773217 seconds.
                    
      Regenerating: 1 file(s) changed at 2026-08-17 10:43:31
                    wheel-picker-serve.out.log
       Jekyll Feed: Generating feed for posts
                    ...done in 4.7770991 seconds.
                    
      Regenerating: 1 file(s) changed at 2026-08-17 10:43:36
                    wheel-picker-serve.out.log
       Jekyll Feed: Generating feed for posts
                    ...done in 4.7000528 seconds.
                    
      Regenerating: 1 file(s) changed at 2026-08-17 10:43:41
                    wheel-picker-serve.out.log
       Jekyll Feed: Generating feed for posts
                    ...done in 4.7697266 seconds.
                    
      Regenerating: 1 file(s) changed at 2026-08-17 10:43:46
                    wheel-picker-serve.out.log
       Jekyll Feed: Generating feed for posts
                    ...done in 4.8307012 seconds.
                    
      Regenerating: 1 file(s) changed at 2026-08-17 10:43:50
                    wheel-picker-serve.out.log
       Jekyll Feed: Generating feed for posts
                    ...done in 4.458142 seconds.
                    
      Regenerating: 1 file(s) changed at 2026-08-17 10:43:55
                    wheel-picker-serve.out.log
       Jekyll Feed: Generating feed for posts
                    ...done in 4.5704586 seconds.
                    
      Regenerating: 1 file(s) changed at 2026-08-17 10:44:00
                    wheel-picker-serve.out.log
       Jekyll Feed: Generating feed for posts
                    ...done in 4.5814108 seconds.
                    
      Regenerating: 1 file(s) changed at 2026-08-17 10:44:04
                    wheel-picker-serve.out.log
       Jekyll Feed: Generating feed for posts
                    ...done in 4.7749828 seconds.
                    
      Regenerating: 1 file(s) changed at 2026-08-17 10:44:09
                    wheel-picker-serve.out.log
       Jekyll Feed: Generating feed for posts
                    ...done in 4.7962748 seconds.
                    
      Regenerating: 1 file(s) changed at 2026-08-17 10:44:14
                    wheel-picker-serve.out.log
       Jekyll Feed: Generating feed for posts
                    ...done in 4.5406959 seconds.
                    
      Regenerating: 1 file(s) changed at 2026-08-17 10:44:19
                    wheel-picker-serve.out.log
       Jekyll Feed: Generating feed for posts
                    ...done in 4.8285628 seconds.
                    
      Regenerating: 1 file(s) changed at 2026-08-17 10:44:23
                    wheel-picker-serve.out.log
       Jekyll Feed: Generating feed for posts
                    ...done in 4.7660357 seconds.
                    
      Regenerating: 1 file(s) changed at 2026-08-17 10:44:28
                    wheel-picker-serve.out.log
       Jekyll Feed: Generating feed for posts
                    ...done in 4.9418538 seconds.
                    
      Regenerating: 1 file(s) changed at 2026-08-17 10:44:33
                    wheel-picker-serve.out.log
       Jekyll Feed: Generating feed for posts
                    ...done in 4.5955062 seconds.
                    
      Regenerating: 1 file(s) changed at 2026-08-17 10:44:38
                    wheel-picker-serve.out.log
       Jekyll Feed: Generating feed for posts
                    ...done in 4.5770368 seconds.
                    
      Regenerating: 1 file(s) changed at 2026-08-17 10:44:43
                    wheel-picker-serve.out.log
       Jekyll Feed: Generating feed for posts
                    ...done in 4.2907944 seconds.
                    
      Regenerating: 1 file(s) changed at 2026-08-17 10:44:47
                    wheel-picker-serve.out.log
       Jekyll Feed: Generating feed for posts
                    ...done in 4.5416332 seconds.
                    
      Regenerating: 2 file(s) changed at 2026-08-17 10:44:51
                    wheel-picker-serve.out.log
                    images/profile/touming(1).png
       Jekyll Feed: Generating feed for posts
                    ...done in 4.3835742 seconds.
                    
      Regenerating: 1 file(s) changed at 2026-08-17 10:44:56
                    wheel-picker-serve.out.log
       Jekyll Feed: Generating feed for posts
                    
      Regenerating: 4 file(s) changed at 2026-08-17 10:45:00
                    wheel-picker-serve.out.log
                    wheel-picker-serve.err.log
                    images/profile/toumingcai.png
                    images/profile/touming(1).png
       Jekyll Feed: Generating feed for posts
                    ...done in 4.5843032 seconds.
                    
      Regenerating: 1 file(s) changed at 2026-08-17 10:45:05
                    wheel-picker-serve.out.log
       Jekyll Feed: Generating feed for posts
                    ...done in 4.4289653 seconds.
                    
      Regenerating: 1 file(s) changed at 2026-08-17 10:45:10
                    wheel-picker-serve.out.log
       Jekyll Feed: Generating feed for posts
                    ...done in 4.5630109 seconds.
                    
      Regenerating: 1 file(s) changed at 2026-08-17 10:45:14
                    wheel-picker-serve.out.log
       Jekyll Feed: Generating feed for posts
                    ...done in 4.6039642 seconds.
                    
      Regenerating: 1 file(s) changed at 2026-08-17 10:45:19
                    wheel-picker-serve.out.log
       Jekyll Feed: Generating feed for posts
                    ...done in 4.4015817 seconds.
                    
      Regenerating: 1 file(s) changed at 2026-08-17 10:45:23
                    wheel-picker-serve.out.log
       Jekyll Feed: Generating feed for posts
                    ...done in 4.3702225 seconds.
                    
      Regenerating: 1 file(s) changed at 2026-08-17 10:45:28
                    wheel-picker-serve.out.log
       Jekyll Feed: Generating feed for posts
                    ...done in 4.3664215 seconds.
                    
      Regenerating: 1 file(s) changed at 2026-08-17 10:45:32
                    wheel-picker-serve.out.log
       Jekyll Feed: Generating feed for posts
                    ...done in 4.7035832 seconds.
                    
      Regenerating: 1 file(s) changed at 2026-08-17 10:45:37
                    wheel-picker-serve.out.log
       Jekyll Feed: Generating feed for posts
                    ...done in 5.5874926 seconds.
                    
      Regenerating: 1 file(s) changed at 2026-08-17 10:45:43
                    wheel-picker-serve.out.log
       Jekyll Feed: Generating feed for posts
                    ...done in 4.8468581 seconds.
                    
      Regenerating: 1 file(s) changed at 2026-08-17 10:45:47
                    wheel-picker-serve.out.log
       Jekyll Feed: Generating feed for posts
                    ...done in 4.8584439 seconds.
                    
      Regenerating: 1 file(s) changed at 2026-08-17 10:45:52
                    wheel-picker-serve.out.log
       Jekyll Feed: Generating feed for posts
                    ...done in 4.7958699 seconds.
                    
      Regenerating: 1 file(s) changed at 2026-08-17 10:45:57
                    wheel-picker-serve.out.log
       Jekyll Feed: Generating feed for posts
                    ...done in 4.4277731 seconds.
                    
      Regenerating: 1 file(s) changed at 2026-08-17 10:46:02
                    wheel-picker-serve.out.log
       Jekyll Feed: Generating feed for posts
                    ...done in 4.9275779 seconds.
                    
      Regenerating: 1 file(s) changed at 2026-08-17 10:46:07
                    wheel-picker-serve.out.log
       Jekyll Feed: Generating feed for posts
                    ...done in 4.8176907 seconds.
                    
      Regenerating: 1 file(s) changed at 2026-08-17 10:46:12
                    wheel-picker-serve.out.log
       Jekyll Feed: Generating feed for posts
                    ...done in 5.1674538 seconds.
                    
      Regenerating: 1 file(s) changed at 2026-08-17 10:46:17
                    wheel-picker-serve.out.log
       Jekyll Feed: Generating feed for posts
                    ...done in 4.630924 seconds.
                    
      Regenerating: 1 file(s) changed at 2026-08-17 10:46:22
                    wheel-picker-serve.out.log
       Jekyll Feed: Generating feed for posts
                    ...done in 4.7348945 seconds.
                    
      Regenerating: 1 file(s) changed at 2026-08-17 10:46:26
                    wheel-picker-serve.out.log
       Jekyll Feed: Generating feed for posts
                    ...done in 4.924334 seconds.
                    
      Regenerating: 1 file(s) changed at 2026-08-17 10:46:31
                    wheel-picker-serve.out.log
       Jekyll Feed: Generating feed for posts
                    ...done in 4.9225453 seconds.
                    
      Regenerating: 1 file(s) changed at 2026-08-17 10:46:36
                    wheel-picker-serve.out.log
       Jekyll Feed: Generating feed for posts
                    ...done in 4.9043949 seconds.
                    
      Regenerating: 1 file(s) changed at 2026-08-17 10:46:41
                    wheel-picker-serve.out.log
       Jekyll Feed: Generating feed for posts
                    ...done in 4.9945034 seconds.
                    
      Regenerating: 1 file(s) changed at 2026-08-17 10:46:46
                    wheel-picker-serve.out.log
       Jekyll Feed: Generating feed for posts
                    ...done in 4.8913615 seconds.
                    
      Regenerating: 1 file(s) changed at 2026-08-17 10:46:51
                    wheel-picker-serve.out.log
       Jekyll Feed: Generating feed for posts
                    ...done in 4.9000386 seconds.
                    
      Regenerating: 1 file(s) changed at 2026-08-17 10:46:56
                    wheel-picker-serve.out.log
       Jekyll Feed: Generating feed for posts
                    ...done in 5.5135238 seconds.
                    
      Regenerating: 1 file(s) changed at 2026-08-17 10:47:02
                    wheel-picker-serve.out.log
       Jekyll Feed: Generating feed for posts
                    ...done in 4.7599667 seconds.
                    
      Regenerating: 1 file(s) changed at 2026-08-17 10:47:07
                    wheel-picker-serve.out.log
       Jekyll Feed: Generating feed for posts
                    ...done in 4.5145604 seconds.
                    
      Regenerating: 1 file(s) changed at 2026-08-17 10:47:11
                    wheel-picker-serve.out.log
       Jekyll Feed: Generating feed for posts
                    ...done in 4.7015828 seconds.
                    
      Regenerating: 1 file(s) changed at 2026-08-17 10:47:16
                    wheel-picker-serve.out.log
       Jekyll Feed: Generating feed for posts
                    ...done in 4.6675575 seconds.
                    
      Regenerating: 1 file(s) changed at 2026-08-17 10:47:21
                    wheel-picker-serve.out.log
       Jekyll Feed: Generating feed for posts
                    ...done in 4.7684702 seconds.
                    
      Regenerating: 2 file(s) changed at 2026-08-17 10:47:25
                    wheel-picker-serve.out.log
                    images/profile/toumingcai.png
       Jekyll Feed: Generating feed for posts
                    ...done in 5.459663 seconds.
                    
      Regenerating: 1 file(s) changed at 2026-08-17 10:47:31
                    wheel-picker-serve.out.log
       Jekyll Feed: Generating feed for posts
                    ...done in 4.7759412 seconds.
                    
      Regenerating: 1 file(s) changed at 2026-08-17 10:47:36
                    wheel-picker-serve.out.log
       Jekyll Feed: Generating feed for posts
                    ...done in 4.607301 seconds.
                    
      Regenerating: 1 file(s) changed at 2026-08-17 10:47:41
                    wheel-picker-serve.out.log
       Jekyll Feed: Generating feed for posts
                    ...done in 4.6930992 seconds.
                    
      Regenerating: 1 file(s) changed at 2026-08-17 10:47:45
                    wheel-picker-serve.out.log
       Jekyll Feed: Generating feed for posts
                    ...done in 4.6043633 seconds.
                    
      Regenerating: 1 file(s) changed at 2026-08-17 10:47:50
                    wheel-picker-serve.out.log
       Jekyll Feed: Generating feed for posts
                    ...done in 4.7735745 seconds.
                    
      Regenerating: 1 file(s) changed at 2026-08-17 10:47:55
                    wheel-picker-serve.out.log
       Jekyll Feed: Generating feed for posts
                    ...done in 4.7937113 seconds.
                    
      Regenerating: 1 file(s) changed at 2026-08-17 10:48:00
                    wheel-picker-serve.out.log
       Jekyll Feed: Generating feed for posts
                    ...done in 4.8872549 seconds.
                    
      Regenerating: 1 file(s) changed at 2026-08-17 10:48:05
                    wheel-picker-serve.out.log
       Jekyll Feed: Generating feed for posts
                    ...done in 4.8766873 seconds.
                    
      Regenerating: 1 file(s) changed at 2026-08-17 10:48:09
                    wheel-picker-serve.out.log
       Jekyll Feed: Generating feed for posts
                    ...done in 5.0698563 seconds.
                    
      Regenerating: 1 file(s) changed at 2026-08-17 10:48:15
                    wheel-picker-serve.out.log
       Jekyll Feed: Generating feed for posts
                    ...done in 4.797826 seconds.
                    
      Regenerating: 1 file(s) changed at 2026-08-17 10:48:19
                    wheel-picker-serve.out.log
       Jekyll Feed: Generating feed for posts
                    ...done in 4.6333813 seconds.
                    
      Regenerating: 1 file(s) changed at 2026-08-17 10:48:24
                    wheel-picker-serve.out.log
       Jekyll Feed: Generating feed for posts
                    ...done in 4.7734412 seconds.
                    
      Regenerating: 1 file(s) changed at 2026-08-17 10:48:29
                    wheel-picker-serve.out.log
       Jekyll Feed: Generating feed for posts
                    ...done in 5.40234 seconds.
                    
      Regenerating: 2 file(s) changed at 2026-08-17 10:48:34
                    images/profile/toumingcai.png
                    wheel-picker-serve.out.log
       Jekyll Feed: Generating feed for posts
                    ...done in 4.9649633 seconds.
                    
      Regenerating: 1 file(s) changed at 2026-08-17 10:48:39
                    wheel-picker-serve.out.log
       Jekyll Feed: Generating feed for posts
                    ...done in 4.7465202 seconds.
                    
      Regenerating: 1 file(s) changed at 2026-08-17 10:48:44
                    wheel-picker-serve.out.log
       Jekyll Feed: Generating feed for posts
                    ...done in 4.6788849 seconds.
                    
      Regenerating: 1 file(s) changed at 2026-08-17 10:48:49
                    wheel-picker-serve.out.log
       Jekyll Feed: Generating feed for posts
                    ...done in 4.7037224 seconds.
                    
      Regenerating: 1 file(s) changed at 2026-08-17 10:48:54
                    wheel-picker-serve.out.log
       Jekyll Feed: Generating feed for posts
                    ...done in 4.6934161 seconds.
                    
      Regenerating: 1 file(s) changed at 2026-08-17 10:48:59
                    wheel-picker-serve.out.log
       Jekyll Feed: Generating feed for posts
                    ...done in 4.6139217 seconds.
                    
      Regenerating: 1 file(s) changed at 2026-08-17 10:49:03
                    wheel-picker-serve.out.log
       Jekyll Feed: Generating feed for posts
                    ...done in 4.8849594 seconds.
                    
      Regenerating: 1 file(s) changed at 2026-08-17 10:49:08
                    wheel-picker-serve.out.log
       Jekyll Feed: Generating feed for posts
[2026-08-17 10:49:13] ERROR '/favicon.ico' not found.
                    ...done in 4.8736014 seconds.
                    
      Regenerating: 1 file(s) changed at 2026-08-17 10:49:13
                    wheel-picker-serve.out.log
       Jekyll Feed: Generating feed for posts
                    ...done in 4.7252443 seconds.
                    
      Regenerating: 1 file(s) changed at 2026-08-17 10:49:18
                    wheel-picker-serve.out.log
       Jekyll Feed: Generating feed for posts
                    ...done in 4.5475259 seconds.
                    
      Regenerating: 1 file(s) changed at 2026-08-17 10:49:22
                    wheel-picker-serve.out.log
       Jekyll Feed: Generating feed for posts
                    ...done in 4.9936149 seconds.
                    
      Regenerating: 1 file(s) changed at 2026-08-17 10:49:28
                    wheel-picker-serve.out.log
       Jekyll Feed: Generating feed for posts
                    ...done in 5.6366898 seconds.
                    
      Regenerating: 1 file(s) changed at 2026-08-17 10:49:33
                    wheel-picker-serve.out.log
       Jekyll Feed: Generating feed for posts
                    ...done in 4.6677352 seconds.
                    
      Regenerating: 1 file(s) changed at 2026-08-17 10:49:38
                    wheel-picker-serve.out.log
       Jekyll Feed: Generating feed for posts
                    ...done in 4.7321337 seconds.
                    
      Regenerating: 1 file(s) changed at 2026-08-17 10:49:43
                    wheel-picker-serve.out.log
       Jekyll Feed: Generating feed for posts
                    ...done in 4.6877737 seconds.
                    
      Regenerating: 1 file(s) changed at 2026-08-17 10:49:48
                    wheel-picker-serve.out.log
       Jekyll Feed: Generating feed for posts
                    ...done in 4.5686088 seconds.
                    
      Regenerating: 1 file(s) changed at 2026-08-17 10:49:52
                    wheel-picker-serve.out.log
       Jekyll Feed: Generating feed for posts
                    ...done in 4.5472479 seconds.
                    
      Regenerating: 1 file(s) changed at 2026-08-17 10:49:57
                    wheel-picker-serve.out.log
       Jekyll Feed: Generating feed for posts
                    ...done in 4.791018 seconds.
                    
      Regenerating: 1 file(s) changed at 2026-08-17 10:50:02
                    wheel-picker-serve.out.log
       Jekyll Feed: Generating feed for posts
                    ...done in 5.0107237 seconds.
                    
      Regenerating: 1 file(s) changed at 2026-08-17 10:50:07
                    wheel-picker-serve.out.log
       Jekyll Feed: Generating feed for posts
                    ...done in 4.8858927 seconds.
                    
      Regenerating: 1 file(s) changed at 2026-08-17 10:50:12
                    wheel-picker-serve.out.log
       Jekyll Feed: Generating feed for posts
                    ...done in 4.639012 seconds.
                    
      Regenerating: 1 file(s) changed at 2026-08-17 10:50:16
                    wheel-picker-serve.out.log
       Jekyll Feed: Generating feed for posts
                    ...done in 4.8620384 seconds.
                    
      Regenerating: 1 file(s) changed at 2026-08-17 10:50:21
                    wheel-picker-serve.out.log
       Jekyll Feed: Generating feed for posts
                    ...done in 5.4901928 seconds.
                    
      Regenerating: 1 file(s) changed at 2026-08-17 10:50:27
                    wheel-picker-serve.out.log
       Jekyll Feed: Generating feed for posts
                    ...done in 4.6345869 seconds.
                    
      Regenerating: 1 file(s) changed at 2026-08-17 10:50:31
                    wheel-picker-serve.out.log
       Jekyll Feed: Generating feed for posts
                    ...done in 4.5779385 seconds.
                    
      Regenerating: 1 file(s) changed at 2026-08-17 10:50:36
                    wheel-picker-serve.out.log
       Jekyll Feed: Generating feed for posts
                    ...done in 4.3802204 seconds.
                    
      Regenerating: 1 file(s) changed at 2026-08-17 10:50:41
                    wheel-picker-serve.out.log
       Jekyll Feed: Generating feed for posts
                    ...done in 4.4394724 seconds.
                    
      Regenerating: 1 file(s) changed at 2026-08-17 10:50:45
                    wheel-picker-serve.out.log
       Jekyll Feed: Generating feed for posts
                    ...done in 4.5974453 seconds.
                    
      Regenerating: 1 file(s) changed at 2026-08-17 10:50:50
                    wheel-picker-serve.out.log
       Jekyll Feed: Generating feed for posts
                    ...done in 4.6859361 seconds.
                    
      Regenerating: 1 file(s) changed at 2026-08-17 10:50:54
                    wheel-picker-serve.out.log
       Jekyll Feed: Generating feed for posts
                    ...done in 4.4840945 seconds.
                    
      Regenerating: 1 file(s) changed at 2026-08-17 10:50:59
                    wheel-picker-serve.out.log
       Jekyll Feed: Generating feed for posts
                    ...done in 4.5030567 seconds.
                    
      Regenerating: 1 file(s) changed at 2026-08-17 10:51:04
                    wheel-picker-serve.out.log
       Jekyll Feed: Generating feed for posts
                    ...done in 4.4572004 seconds.
                    
      Regenerating: 1 file(s) changed at 2026-08-17 10:51:08
                    wheel-picker-serve.out.log
       Jekyll Feed: Generating feed for posts
                    ...done in 4.3676836 seconds.
                    
      Regenerating: 1 file(s) changed at 2026-08-17 10:51:12
                    wheel-picker-serve.out.log
       Jekyll Feed: Generating feed for posts
                    ...done in 4.481469 seconds.
                    
      Regenerating: 1 file(s) changed at 2026-08-17 10:51:17
                    wheel-picker-serve.out.log
       Jekyll Feed: Generating feed for posts
                    ...done in 4.3905386 seconds.
                    
      Regenerating: 1 file(s) changed at 2026-08-17 10:51:21
                    wheel-picker-serve.out.log
       Jekyll Feed: Generating feed for posts
                    ...done in 4.3461062 seconds.
                    
      Regenerating: 1 file(s) changed at 2026-08-17 10:51:26
                    wheel-picker-serve.out.log
       Jekyll Feed: Generating feed for posts
                    ...done in 4.5241662 seconds.
                    
      Regenerating: 1 file(s) changed at 2026-08-17 10:51:30
                    wheel-picker-serve.out.log
       Jekyll Feed: Generating feed for posts
                    ...done in 4.4819507 seconds.
                    
      Regenerating: 1 file(s) changed at 2026-08-17 10:51:35
                    wheel-picker-serve.out.log
       Jekyll Feed: Generating feed for posts
                    ...done in 4.5409364 seconds.
                    
      Regenerating: 1 file(s) changed at 2026-08-17 10:51:40
                    wheel-picker-serve.out.log
       Jekyll Feed: Generating feed for posts
                    ...done in 4.5217438 seconds.
                    
      Regenerating: 1 file(s) changed at 2026-08-17 10:51:44
                    wheel-picker-serve.out.log
       Jekyll Feed: Generating feed for posts
                    ...done in 4.4940972 seconds.
                    
      Regenerating: 1 file(s) changed at 2026-08-17 10:51:49
                    wheel-picker-serve.out.log
       Jekyll Feed: Generating feed for posts
                    ...done in 4.5258855 seconds.
                    
      Regenerating: 1 file(s) changed at 2026-08-17 10:51:53
                    wheel-picker-serve.out.log
       Jekyll Feed: Generating feed for posts
                    ...done in 4.5742657 seconds.
                    
      Regenerating: 1 file(s) changed at 2026-08-17 10:51:58
                    wheel-picker-serve.out.log
       Jekyll Feed: Generating feed for posts
                    ...done in 4.4925485 seconds.
                    
      Regenerating: 1 file(s) changed at 2026-08-17 10:52:02
                    wheel-picker-serve.out.log
       Jekyll Feed: Generating feed for posts
                    ...done in 4.4468041 seconds.
                    
      Regenerating: 1 file(s) changed at 2026-08-17 10:52:07
                    wheel-picker-serve.out.log
       Jekyll Feed: Generating feed for posts
                    ...done in 4.4285675 seconds.
                    
      Regenerating: 1 file(s) changed at 2026-08-17 10:52:11
                    wheel-picker-serve.out.log
       Jekyll Feed: Generating feed for posts
                    ...done in 4.4761267 seconds.
                    
      Regenerating: 1 file(s) changed at 2026-08-17 10:52:16
                    wheel-picker-serve.out.log
       Jekyll Feed: Generating feed for posts
                    ...done in 4.4983264 seconds.
                    
      Regenerating: 1 file(s) changed at 2026-08-17 10:52:21
                    wheel-picker-serve.out.log
       Jekyll Feed: Generating feed for posts
                    ...done in 4.5735656 seconds.
                    
      Regenerating: 1 file(s) changed at 2026-08-17 10:52:25
                    wheel-picker-serve.out.log
       Jekyll Feed: Generating feed for posts
                    ...done in 4.4896431 seconds.
                    
      Regenerating: 1 file(s) changed at 2026-08-17 10:52:30
                    wheel-picker-serve.out.log
       Jekyll Feed: Generating feed for posts
                    ...done in 4.3701388 seconds.
                    
      Regenerating: 1 file(s) changed at 2026-08-17 10:52:34
                    wheel-picker-serve.out.log
       Jekyll Feed: Generating feed for posts
                    ...done in 4.5502001 seconds.
                    
      Regenerating: 1 file(s) changed at 2026-08-17 10:52:39
                    wheel-picker-serve.out.log
       Jekyll Feed: Generating feed for posts
                    ...done in 4.4802609 seconds.
                    
      Regenerating: 1 file(s) changed at 2026-08-17 10:52:43
                    wheel-picker-serve.out.log
       Jekyll Feed: Generating feed for posts
                    ...done in 4.4255252 seconds.
                    
      Regenerating: 1 file(s) changed at 2026-08-17 10:52:48
                    wheel-picker-serve.out.log
       Jekyll Feed: Generating feed for posts
                    ...done in 4.4499135 seconds.
                    
      Regenerating: 1 file(s) changed at 2026-08-17 10:52:52
                    wheel-picker-serve.out.log
       Jekyll Feed: Generating feed for posts
                    ...done in 4.5549794 seconds.
                    
      Regenerating: 1 file(s) changed at 2026-08-17 10:52:57
                    wheel-picker-serve.out.log
       Jekyll Feed: Generating feed for posts
                    ...done in 4.5957555 seconds.
                    
      Regenerating: 1 file(s) changed at 2026-08-17 10:53:02
                    wheel-picker-serve.out.log
       Jekyll Feed: Generating feed for posts
                    ...done in 4.6183833 seconds.
                    
      Regenerating: 1 file(s) changed at 2026-08-17 10:53:06
                    wheel-picker-serve.out.log
       Jekyll Feed: Generating feed for posts
                    ...done in 4.4764706 seconds.
                    
      Regenerating: 1 file(s) changed at 2026-08-17 10:53:11
                    wheel-picker-serve.out.log
       Jekyll Feed: Generating feed for posts
                    ...done in 4.4541732 seconds.
                    
      Regenerating: 1 file(s) changed at 2026-08-17 10:53:15
                    wheel-picker-serve.out.log
       Jekyll Feed: Generating feed for posts
                    ...done in 4.4528787 seconds.
                    
      Regenerating: 1 file(s) changed at 2026-08-17 10:53:20
                    wheel-picker-serve.out.log
       Jekyll Feed: Generating feed for posts
                    ...done in 4.4499534 seconds.
                    
      Regenerating: 1 file(s) changed at 2026-08-17 10:53:24
                    wheel-picker-serve.out.log
       Jekyll Feed: Generating feed for posts
                    ...done in 4.5533688 seconds.
                    
      Regenerating: 1 file(s) changed at 2026-08-17 10:53:29
                    wheel-picker-serve.out.log
       Jekyll Feed: Generating feed for posts
                    ...done in 4.5407785 seconds.
                    
      Regenerating: 1 file(s) changed at 2026-08-17 10:53:34
                    wheel-picker-serve.out.log
       Jekyll Feed: Generating feed for posts
                    ...done in 4.5321077 seconds.
                    
      Regenerating: 1 file(s) changed at 2026-08-17 10:53:38
                    wheel-picker-serve.out.log
       Jekyll Feed: Generating feed for posts
                    ...done in 4.4874899 seconds.
                    
      Regenerating: 1 file(s) changed at 2026-08-17 10:53:43
                    wheel-picker-serve.out.log
       Jekyll Feed: Generating feed for posts
                    ...done in 4.4912693 seconds.
                    
      Regenerating: 1 file(s) changed at 2026-08-17 10:53:47
                    wheel-picker-serve.out.log
       Jekyll Feed: Generating feed for posts
                    ...done in 4.4752635 seconds.
                    
      Regenerating: 1 file(s) changed at 2026-08-17 10:53:52
                    wheel-picker-serve.out.log
       Jekyll Feed: Generating feed for posts
                    ...done in 4.4705644 seconds.
                    
      Regenerating: 1 file(s) changed at 2026-08-17 10:53:56
                    wheel-picker-serve.out.log
       Jekyll Feed: Generating feed for posts
                    ...done in 4.5456827 seconds.
                    
      Regenerating: 1 file(s) changed at 2026-08-17 10:54:01
                    wheel-picker-serve.out.log
       Jekyll Feed: Generating feed for posts
                    ...done in 4.515931 seconds.
                    
      Regenerating: 1 file(s) changed at 2026-08-17 10:54:06
                    wheel-picker-serve.out.log
       Jekyll Feed: Generating feed for posts
                    ...done in 4.6135593 seconds.
                    
      Regenerating: 1 file(s) changed at 2026-08-17 10:54:10
                    wheel-picker-serve.out.log
       Jekyll Feed: Generating feed for posts
                    ...done in 4.4510264 seconds.
                    
      Regenerating: 1 file(s) changed at 2026-08-17 10:54:15
                    wheel-picker-serve.out.log
       Jekyll Feed: Generating feed for posts
                    ...done in 4.5183564 seconds.
                    
      Regenerating: 1 file(s) changed at 2026-08-17 10:54:19
                    wheel-picker-serve.out.log
       Jekyll Feed: Generating feed for posts
                    ...done in 4.5426584 seconds.
                    
      Regenerating: 1 file(s) changed at 2026-08-17 10:54:24
                    wheel-picker-serve.out.log
       Jekyll Feed: Generating feed for posts
                    ...done in 4.7193385 seconds.
                    
      Regenerating: 1 file(s) changed at 2026-08-17 10:54:29
                    wheel-picker-serve.out.log
       Jekyll Feed: Generating feed for posts
                    ...done in 4.5266032 seconds.
                    
      Regenerating: 1 file(s) changed at 2026-08-17 10:54:33
                    wheel-picker-serve.out.log
       Jekyll Feed: Generating feed for posts
                    ...done in 4.6123415 seconds.
                    
      Regenerating: 1 file(s) changed at 2026-08-17 10:54:38
                    wheel-picker-serve.out.log
       Jekyll Feed: Generating feed for posts
                    ...done in 4.688777 seconds.
                    
      Regenerating: 1 file(s) changed at 2026-08-17 10:54:43
                    wheel-picker-serve.out.log
       Jekyll Feed: Generating feed for posts
                    ...done in 4.4734325 seconds.
                    
      Regenerating: 1 file(s) changed at 2026-08-17 10:54:47
                    wheel-picker-serve.out.log
       Jekyll Feed: Generating feed for posts
                    ...done in 4.5082327 seconds.
                    
      Regenerating: 1 file(s) changed at 2026-08-17 10:54:52
                    wheel-picker-serve.out.log
       Jekyll Feed: Generating feed for posts
                    ...done in 4.5260472 seconds.
                    
      Regenerating: 1 file(s) changed at 2026-08-17 10:54:56
                    wheel-picker-serve.out.log
       Jekyll Feed: Generating feed for posts
                    ...done in 4.4063752 seconds.
                    
      Regenerating: 1 file(s) changed at 2026-08-17 10:55:01
                    wheel-picker-serve.out.log
       Jekyll Feed: Generating feed for posts
                    ...done in 4.5796855 seconds.
                    
      Regenerating: 1 file(s) changed at 2026-08-17 10:55:05
                    wheel-picker-serve.out.log
       Jekyll Feed: Generating feed for posts
                    ...done in 4.5098322 seconds.
                    
      Regenerating: 1 file(s) changed at 2026-08-17 10:55:10
                    wheel-picker-serve.out.log
       Jekyll Feed: Generating feed for posts
                    ...done in 4.6487577 seconds.
                    
      Regenerating: 1 file(s) changed at 2026-08-17 10:55:15
                    wheel-picker-serve.out.log
       Jekyll Feed: Generating feed for posts
                    ...done in 4.440171 seconds.
                    
      Regenerating: 1 file(s) changed at 2026-08-17 10:55:19
                    wheel-picker-serve.out.log
       Jekyll Feed: Generating feed for posts
                    ...done in 4.480835 seconds.
                    
      Regenerating: 1 file(s) changed at 2026-08-17 10:55:24
                    wheel-picker-serve.out.log
       Jekyll Feed: Generating feed for posts
                    ...done in 4.437984 seconds.
                    
      Regenerating: 1 file(s) changed at 2026-08-17 10:55:28
                    wheel-picker-serve.out.log
       Jekyll Feed: Generating feed for posts
                    ...done in 4.544533 seconds.
                    
      Regenerating: 1 file(s) changed at 2026-08-17 10:55:33
                    wheel-picker-serve.out.log
       Jekyll Feed: Generating feed for posts
                    ...done in 4.4429271 seconds.
                    
      Regenerating: 1 file(s) changed at 2026-08-17 10:55:37
                    wheel-picker-serve.out.log
       Jekyll Feed: Generating feed for posts
                    ...done in 4.5250706 seconds.
                    
      Regenerating: 1 file(s) changed at 2026-08-17 10:55:42
                    wheel-picker-serve.out.log
       Jekyll Feed: Generating feed for posts
                    ...done in 4.476968 seconds.
                    
      Regenerating: 1 file(s) changed at 2026-08-17 10:55:47
                    wheel-picker-serve.out.log
       Jekyll Feed: Generating feed for posts
                    ...done in 4.5552554 seconds.
                    
      Regenerating: 1 file(s) changed at 2026-08-17 10:55:51
                    wheel-picker-serve.out.log
       Jekyll Feed: Generating feed for posts
                    ...done in 4.7575247 seconds.
                    
      Regenerating: 1 file(s) changed at 2026-08-17 10:55:56
                    wheel-picker-serve.out.log
       Jekyll Feed: Generating feed for posts
                    ...done in 4.4997771 seconds.
                    
      Regenerating: 1 file(s) changed at 2026-08-17 10:56:00
                    wheel-picker-serve.out.log
       Jekyll Feed: Generating feed for posts
                    ...done in 4.4412715 seconds.
                    
      Regenerating: 1 file(s) changed at 2026-08-17 10:56:05
                    wheel-picker-serve.out.log
       Jekyll Feed: Generating feed for posts
                    ...done in 4.5957 seconds.
                    
      Regenerating: 1 file(s) changed at 2026-08-17 10:56:10
                    wheel-picker-serve.out.log
       Jekyll Feed: Generating feed for posts
                    ...done in 4.4336303 seconds.
                    
      Regenerating: 1 file(s) changed at 2026-08-17 10:56:14
                    wheel-picker-serve.out.log
       Jekyll Feed: Generating feed for posts
                    ...done in 4.8015488 seconds.
                    
      Regenerating: 1 file(s) changed at 2026-08-17 10:56:19
                    wheel-picker-serve.out.log
       Jekyll Feed: Generating feed for posts
                    ...done in 4.574176 seconds.
                    
      Regenerating: 1 file(s) changed at 2026-08-17 10:56:24
                    wheel-picker-serve.out.log
       Jekyll Feed: Generating feed for posts
                    ...done in 4.3972888 seconds.
                    
      Regenerating: 1 file(s) changed at 2026-08-17 10:56:28
                    wheel-picker-serve.out.log
       Jekyll Feed: Generating feed for posts
                    ...done in 4.6063663 seconds.
                    
      Regenerating: 1 file(s) changed at 2026-08-17 10:56:33
                    wheel-picker-serve.out.log
       Jekyll Feed: Generating feed for posts
                    ...done in 4.5556567 seconds.
                    
      Regenerating: 1 file(s) changed at 2026-08-17 10:56:37
                    wheel-picker-serve.out.log
       Jekyll Feed: Generating feed for posts
                    ...done in 4.4340865 seconds.
                    
      Regenerating: 1 file(s) changed at 2026-08-17 10:56:42
                    wheel-picker-serve.out.log
       Jekyll Feed: Generating feed for posts
                    ...done in 4.5986002 seconds.
                    
      Regenerating: 1 file(s) changed at 2026-08-17 10:56:46
                    wheel-picker-serve.out.log
       Jekyll Feed: Generating feed for posts
                    ...done in 4.5078668 seconds.
                    
      Regenerating: 1 file(s) changed at 2026-08-17 10:56:51
                    wheel-picker-serve.out.log
       Jekyll Feed: Generating feed for posts
                    ...done in 4.5874168 seconds.
                    
      Regenerating: 1 file(s) changed at 2026-08-17 10:56:56
                    wheel-picker-serve.out.log
       Jekyll Feed: Generating feed for posts
                    ...done in 4.4921857 seconds.
                    
      Regenerating: 1 file(s) changed at 2026-08-17 10:57:00
                    wheel-picker-serve.out.log
       Jekyll Feed: Generating feed for posts
                    ...done in 4.6091553 seconds.
                    
      Regenerating: 1 file(s) changed at 2026-08-17 10:57:05
                    wheel-picker-serve.out.log
       Jekyll Feed: Generating feed for posts
                    ...done in 4.4092414 seconds.
                    
      Regenerating: 1 file(s) changed at 2026-08-17 10:57:09
                    wheel-picker-serve.out.log
       Jekyll Feed: Generating feed for posts
                    ...done in 4.4219326 seconds.
                    
      Regenerating: 1 file(s) changed at 2026-08-17 10:57:14
                    wheel-picker-serve.out.log
       Jekyll Feed: Generating feed for posts
                    ...done in 4.5434232 seconds.
                    
      Regenerating: 1 file(s) changed at 2026-08-17 10:57:18
                    wheel-picker-serve.out.log
       Jekyll Feed: Generating feed for posts
                    ...done in 4.6007893 seconds.
                    
      Regenerating: 1 file(s) changed at 2026-08-17 10:57:23
                    wheel-picker-serve.out.log
       Jekyll Feed: Generating feed for posts
                    ...done in 4.5894158 seconds.
                    
      Regenerating: 1 file(s) changed at 2026-08-17 10:57:28
                    wheel-picker-serve.out.log
       Jekyll Feed: Generating feed for posts
                    ...done in 4.5447273 seconds.
                    
      Regenerating: 1 file(s) changed at 2026-08-17 10:57:32
                    wheel-picker-serve.out.log
       Jekyll Feed: Generating feed for posts
                    ...done in 4.3544886 seconds.
                    
      Regenerating: 1 file(s) changed at 2026-08-17 10:57:37
                    wheel-picker-serve.out.log
       Jekyll Feed: Generating feed for posts
                    ...done in 4.4688366 seconds.
                    
      Regenerating: 1 file(s) changed at 2026-08-17 10:57:41
                    wheel-picker-serve.out.log
       Jekyll Feed: Generating feed for posts
                    ...done in 4.6015021 seconds.
                    
      Regenerating: 1 file(s) changed at 2026-08-17 10:57:46
                    wheel-picker-serve.out.log
       Jekyll Feed: Generating feed for posts
                    ...done in 4.4469084 seconds.
                    
      Regenerating: 1 file(s) changed at 2026-08-17 10:57:51
                    wheel-picker-serve.out.log
       Jekyll Feed: Generating feed for posts
                    ...done in 4.4045165 seconds.
                    
      Regenerating: 1 file(s) changed at 2026-08-17 10:57:55
                    wheel-picker-serve.out.log
       Jekyll Feed: Generating feed for posts
                    ...done in 4.5385775 seconds.
                    
      Regenerating: 1 file(s) changed at 2026-08-17 10:58:00
                    wheel-picker-serve.out.log
       Jekyll Feed: Generating feed for posts
                    ...done in 4.5928654 seconds.
                    
      Regenerating: 1 file(s) changed at 2026-08-17 10:58:04
                    wheel-picker-serve.out.log
       Jekyll Feed: Generating feed for posts
                    ...done in 4.4547545 seconds.
                    
      Regenerating: 1 file(s) changed at 2026-08-17 10:58:09
                    wheel-picker-serve.out.log
       Jekyll Feed: Generating feed for posts
                    ...done in 4.4107941 seconds.
                    
      Regenerating: 1 file(s) changed at 2026-08-17 10:58:13
                    wheel-picker-serve.out.log
       Jekyll Feed: Generating feed for posts
                    ...done in 4.5548783 seconds.
                    
      Regenerating: 1 file(s) changed at 2026-08-17 10:58:18
                    wheel-picker-serve.out.log
       Jekyll Feed: Generating feed for posts
                    ...done in 4.4562694 seconds.
                    
      Regenerating: 1 file(s) changed at 2026-08-17 10:58:22
                    wheel-picker-serve.out.log
       Jekyll Feed: Generating feed for posts
                    ...done in 4.6450229 seconds.
                    
      Regenerating: 1 file(s) changed at 2026-08-17 10:58:27
                    wheel-picker-serve.out.log
       Jekyll Feed: Generating feed for posts
                    ...done in 4.6250397 seconds.
                    
      Regenerating: 1 file(s) changed at 2026-08-17 10:58:32
                    wheel-picker-serve.out.log
       Jekyll Feed: Generating feed for posts
                    ...done in 4.6101161 seconds.
                    
      Regenerating: 1 file(s) changed at 2026-08-17 10:58:36
                    wheel-picker-serve.out.log
       Jekyll Feed: Generating feed for posts
                    ...done in 4.4889921 seconds.
                    
      Regenerating: 1 file(s) changed at 2026-08-17 10:58:41
                    wheel-picker-serve.out.log
       Jekyll Feed: Generating feed for posts
                    ...done in 4.4746529 seconds.
                    
      Regenerating: 1 file(s) changed at 2026-08-17 10:58:45
                    wheel-picker-serve.out.log
       Jekyll Feed: Generating feed for posts
                    ...done in 4.5320448 seconds.
                    
      Regenerating: 1 file(s) changed at 2026-08-17 10:58:50
                    wheel-picker-serve.out.log
       Jekyll Feed: Generating feed for posts
                    ...done in 4.5225983 seconds.
                    
      Regenerating: 1 file(s) changed at 2026-08-17 10:58:55
                    wheel-picker-serve.out.log
       Jekyll Feed: Generating feed for posts
                    ...done in 4.5495305 seconds.
                    
      Regenerating: 1 file(s) changed at 2026-08-17 10:58:59
                    wheel-picker-serve.out.log
       Jekyll Feed: Generating feed for posts
                    ...done in 4.4834388 seconds.
                    
      Regenerating: 1 file(s) changed at 2026-08-17 10:59:04
                    wheel-picker-serve.out.log
       Jekyll Feed: Generating feed for posts
                    ...done in 4.5234214 seconds.
                    
      Regenerating: 1 file(s) changed at 2026-08-17 10:59:08
                    wheel-picker-serve.out.log
       Jekyll Feed: Generating feed for posts
                    ...done in 4.6094238 seconds.
                    
      Regenerating: 1 file(s) changed at 2026-08-17 10:59:13
                    wheel-picker-serve.out.log
       Jekyll Feed: Generating feed for posts
                    ...done in 4.5372399 seconds.
                    
      Regenerating: 1 file(s) changed at 2026-08-17 10:59:18
                    wheel-picker-serve.out.log
       Jekyll Feed: Generating feed for posts
                    ...done in 4.4766701 seconds.
                    
      Regenerating: 1 file(s) changed at 2026-08-17 10:59:22
                    wheel-picker-serve.out.log
       Jekyll Feed: Generating feed for posts
                    ...done in 4.4664288 seconds.
                    
      Regenerating: 1 file(s) changed at 2026-08-17 10:59:27
                    wheel-picker-serve.out.log
       Jekyll Feed: Generating feed for posts
                    ...done in 4.5259128 seconds.
                    
      Regenerating: 1 file(s) changed at 2026-08-17 10:59:31
                    wheel-picker-serve.out.log
       Jekyll Feed: Generating feed for posts
                    ...done in 4.5345634 seconds.
                    
      Regenerating: 1 file(s) changed at 2026-08-17 10:59:36
                    wheel-picker-serve.out.log
       Jekyll Feed: Generating feed for posts
                    ...done in 4.5166756 seconds.
                    
      Regenerating: 1 file(s) changed at 2026-08-17 10:59:40
                    wheel-picker-serve.out.log
       Jekyll Feed: Generating feed for posts
                    ...done in 4.5233558 seconds.
                    
      Regenerating: 1 file(s) changed at 2026-08-17 10:59:45
                    wheel-picker-serve.out.log
       Jekyll Feed: Generating feed for posts
                    ...done in 4.5392328 seconds.
                    
      Regenerating: 1 file(s) changed at 2026-08-17 10:59:50
                    wheel-picker-serve.out.log
       Jekyll Feed: Generating feed for posts
                    ...done in 4.5222622 seconds.
                    
      Regenerating: 1 file(s) changed at 2026-08-17 10:59:54
                    wheel-picker-serve.out.log
       Jekyll Feed: Generating feed for posts
                    ...done in 4.7014995 seconds.
                    
      Regenerating: 1 file(s) changed at 2026-08-17 10:59:59
                    wheel-picker-serve.out.log
       Jekyll Feed: Generating feed for posts
                    ...done in 4.4827369 seconds.
                    
      Regenerating: 1 file(s) changed at 2026-08-17 11:00:04
                    wheel-picker-serve.out.log
       Jekyll Feed: Generating feed for posts
                    ...done in 4.4597676 seconds.
                    
      Regenerating: 1 file(s) changed at 2026-08-17 11:00:08
                    wheel-picker-serve.out.log
       Jekyll Feed: Generating feed for posts
                    ...done in 4.4302407 seconds.
                    
      Regenerating: 1 file(s) changed at 2026-08-17 11:00:13
                    wheel-picker-serve.out.log
       Jekyll Feed: Generating feed for posts
                    ...done in 4.604062 seconds.
                    
      Regenerating: 1 file(s) changed at 2026-08-17 11:00:17
                    wheel-picker-serve.out.log
       Jekyll Feed: Generating feed for posts
                    ...done in 4.4832706 seconds.
                    
      Regenerating: 1 file(s) changed at 2026-08-17 11:00:22
                    wheel-picker-serve.out.log
       Jekyll Feed: Generating feed for posts
                    ...done in 4.5020741 seconds.
                    
      Regenerating: 1 file(s) changed at 2026-08-17 11:00:26
                    wheel-picker-serve.out.log
       Jekyll Feed: Generating feed for posts
                    ...done in 4.4317783 seconds.
                    
      Regenerating: 1 file(s) changed at 2026-08-17 11:00:31
                    wheel-picker-serve.out.log
       Jekyll Feed: Generating feed for posts
                    ...done in 4.5018354 seconds.
                    
      Regenerating: 1 file(s) changed at 2026-08-17 11:00:35
                    wheel-picker-serve.out.log
       Jekyll Feed: Generating feed for posts
                    ...done in 4.5080209 seconds.
                    
      Regenerating: 1 file(s) changed at 2026-08-17 11:00:40
                    wheel-picker-serve.out.log
       Jekyll Feed: Generating feed for posts
                    ...done in 4.5218023 seconds.
                    
      Regenerating: 1 file(s) changed at 2026-08-17 11:00:44
                    wheel-picker-serve.out.log
       Jekyll Feed: Generating feed for posts
                    ...done in 4.6946788 seconds.
                    
      Regenerating: 1 file(s) changed at 2026-08-17 11:00:49
                    wheel-picker-serve.out.log
       Jekyll Feed: Generating feed for posts
                    ...done in 4.4168699 seconds.
                    
      Regenerating: 1 file(s) changed at 2026-08-17 11:00:54
                    wheel-picker-serve.out.log
       Jekyll Feed: Generating feed for posts
                    ...done in 4.435041 seconds.
                    
      Regenerating: 1 file(s) changed at 2026-08-17 11:00:58
                    wheel-picker-serve.out.log
       Jekyll Feed: Generating feed for posts
                    ...done in 4.4837927 seconds.
                    
      Regenerating: 1 file(s) changed at 2026-08-17 11:01:03
                    wheel-picker-serve.out.log
       Jekyll Feed: Generating feed for posts
                    ...done in 4.655825 seconds.
                    
      Regenerating: 1 file(s) changed at 2026-08-17 11:01:07
                    wheel-picker-serve.out.log
       Jekyll Feed: Generating feed for posts
                    ...done in 4.4350318 seconds.
                    
      Regenerating: 1 file(s) changed at 2026-08-17 11:01:12
                    wheel-picker-serve.out.log
       Jekyll Feed: Generating feed for posts
                    ...done in 4.4338256 seconds.
                    
      Regenerating: 1 file(s) changed at 2026-08-17 11:01:16
                    wheel-picker-serve.out.log
       Jekyll Feed: Generating feed for posts
                    ...done in 4.4965792 seconds.
                    
      Regenerating: 1 file(s) changed at 2026-08-17 11:01:21
                    wheel-picker-serve.out.log
       Jekyll Feed: Generating feed for posts
                    ...done in 4.5316807 seconds.
                    
      Regenerating: 1 file(s) changed at 2026-08-17 11:01:26
                    wheel-picker-serve.out.log
       Jekyll Feed: Generating feed for posts
                    ...done in 4.5287805 seconds.
                    
      Regenerating: 1 file(s) changed at 2026-08-17 11:01:30
                    wheel-picker-serve.out.log
       Jekyll Feed: Generating feed for posts
                    ...done in 4.4968665 seconds.
                    
      Regenerating: 1 file(s) changed at 2026-08-17 11:01:35
                    wheel-picker-serve.out.log
       Jekyll Feed: Generating feed for posts
                    ...done in 4.6395824 seconds.
                    
      Regenerating: 1 file(s) changed at 2026-08-17 11:01:39
                    wheel-picker-serve.out.log
       Jekyll Feed: Generating feed for posts
                    ...done in 4.6047476 seconds.
                    
      Regenerating: 1 file(s) changed at 2026-08-17 11:01:44
                    wheel-picker-serve.out.log
       Jekyll Feed: Generating feed for posts
                    ...done in 4.6864161 seconds.
                    
      Regenerating: 1 file(s) changed at 2026-08-17 11:01:49
                    wheel-picker-serve.out.log
       Jekyll Feed: Generating feed for posts
                    ...done in 4.3934604 seconds.
                    
      Regenerating: 1 file(s) changed at 2026-08-17 11:01:53
                    wheel-picker-serve.out.log
       Jekyll Feed: Generating feed for posts
                    ...done in 4.4240845 seconds.
                    
      Regenerating: 1 file(s) changed at 2026-08-17 11:01:58
                    wheel-picker-serve.out.log
       Jekyll Feed: Generating feed for posts
                    ...done in 4.4256796 seconds.
                    
      Regenerating: 1 file(s) changed at 2026-08-17 11:02:02
                    wheel-picker-serve.out.log
       Jekyll Feed: Generating feed for posts
                    ...done in 4.5900782 seconds.
                    
      Regenerating: 1 file(s) changed at 2026-08-17 11:02:07
                    wheel-picker-serve.out.log
       Jekyll Feed: Generating feed for posts
                    ...done in 4.4329405 seconds.
                    
      Regenerating: 1 file(s) changed at 2026-08-17 11:02:11
                    wheel-picker-serve.out.log
       Jekyll Feed: Generating feed for posts
                    ...done in 4.4299919 seconds.
                    
      Regenerating: 1 file(s) changed at 2026-08-17 11:02:16
                    wheel-picker-serve.out.log
       Jekyll Feed: Generating feed for posts
                    ...done in 4.3459229 seconds.
                    
      Regenerating: 1 file(s) changed at 2026-08-17 11:02:20
                    wheel-picker-serve.out.log
       Jekyll Feed: Generating feed for posts
                    ...done in 4.3354241 seconds.
                    
      Regenerating: 1 file(s) changed at 2026-08-17 11:02:25
                    wheel-picker-serve.out.log
       Jekyll Feed: Generating feed for posts
                    ...done in 4.4918975 seconds.
                    
      Regenerating: 1 file(s) changed at 2026-08-17 11:02:29
                    wheel-picker-serve.out.log
       Jekyll Feed: Generating feed for posts
                    ...done in 4.4589649 seconds.
                    
      Regenerating: 1 file(s) changed at 2026-08-17 11:02:34
                    wheel-picker-serve.out.log
       Jekyll Feed: Generating feed for posts
                    ...done in 4.4853642 seconds.
                    
      Regenerating: 1 file(s) changed at 2026-08-17 11:02:38
                    wheel-picker-serve.out.log
       Jekyll Feed: Generating feed for posts
                    ...done in 4.3816689 seconds.
                    
      Regenerating: 1 file(s) changed at 2026-08-17 11:02:43
                    wheel-picker-serve.out.log
       Jekyll Feed: Generating feed for posts
                    ...done in 4.5145243 seconds.
                    
      Regenerating: 1 file(s) changed at 2026-08-17 11:02:47
                    wheel-picker-serve.out.log
       Jekyll Feed: Generating feed for posts
                    ...done in 4.5665892 seconds.
                    
      Regenerating: 1 file(s) changed at 2026-08-17 11:02:52
                    wheel-picker-serve.out.log
       Jekyll Feed: Generating feed for posts
                    ...done in 4.6230515 seconds.
                    
      Regenerating: 1 file(s) changed at 2026-08-17 11:02:57
                    wheel-picker-serve.out.log
       Jekyll Feed: Generating feed for posts
                    ...done in 4.5147309 seconds.
                    
      Regenerating: 1 file(s) changed at 2026-08-17 11:03:01
                    wheel-picker-serve.out.log
       Jekyll Feed: Generating feed for posts
                    ...done in 4.5981545 seconds.
                    
      Regenerating: 1 file(s) changed at 2026-08-17 11:03:06
                    wheel-picker-serve.out.log
       Jekyll Feed: Generating feed for posts
                    ...done in 4.3926732 seconds.
                    
      Regenerating: 1 file(s) changed at 2026-08-17 11:03:10
                    wheel-picker-serve.out.log
       Jekyll Feed: Generating feed for posts
                    ...done in 4.4533276 seconds.
                    
      Regenerating: 1 file(s) changed at 2026-08-17 11:03:15
                    wheel-picker-serve.out.log
       Jekyll Feed: Generating feed for posts
                    ...done in 4.5213966 seconds.
                    
      Regenerating: 1 file(s) changed at 2026-08-17 11:03:19
                    wheel-picker-serve.out.log
       Jekyll Feed: Generating feed for posts
                    ...done in 4.4786792 seconds.
                    
      Regenerating: 1 file(s) changed at 2026-08-17 11:03:24
                    wheel-picker-serve.out.log
       Jekyll Feed: Generating feed for posts
                    ...done in 4.472867 seconds.
                    
      Regenerating: 1 file(s) changed at 2026-08-17 11:03:28
                    wheel-picker-serve.out.log
       Jekyll Feed: Generating feed for posts
                    ...done in 4.485773 seconds.
                    
      Regenerating: 1 file(s) changed at 2026-08-17 11:03:33
                    wheel-picker-serve.out.log
       Jekyll Feed: Generating feed for posts
                    ...done in 4.4939833 seconds.
                    
      Regenerating: 1 file(s) changed at 2026-08-17 11:03:38
                    wheel-picker-serve.out.log
       Jekyll Feed: Generating feed for posts
                    ...done in 4.5073237 seconds.
                    
      Regenerating: 1 file(s) changed at 2026-08-17 11:03:42
                    wheel-picker-serve.out.log
       Jekyll Feed: Generating feed for posts
                    ...done in 4.6600917 seconds.
                    
      Regenerating: 1 file(s) changed at 2026-08-17 11:03:47
                    wheel-picker-serve.out.log
       Jekyll Feed: Generating feed for posts
                    ...done in 4.6825459 seconds.
                    
      Regenerating: 1 file(s) changed at 2026-08-17 11:03:52
                    wheel-picker-serve.out.log
       Jekyll Feed: Generating feed for posts
                    ...done in 4.6903838 seconds.
                    
      Regenerating: 1 file(s) changed at 2026-08-17 11:03:56
                    wheel-picker-serve.out.log
       Jekyll Feed: Generating feed for posts
                    ...done in 5.0226179 seconds.
                    
      Regenerating: 1 file(s) changed at 2026-08-17 11:04:01
                    wheel-picker-serve.out.log
       Jekyll Feed: Generating feed for posts
                    ...done in 4.7364693 seconds.
                    
      Regenerating: 1 file(s) changed at 2026-08-17 11:04:06
                    wheel-picker-serve.out.log
       Jekyll Feed: Generating feed for posts
                    ...done in 4.406642 seconds.
                    
      Regenerating: 1 file(s) changed at 2026-08-17 11:04:11
                    wheel-picker-serve.out.log
       Jekyll Feed: Generating feed for posts
                    ...done in 4.8047981 seconds.
                    
      Regenerating: 1 file(s) changed at 2026-08-17 11:04:16
                    wheel-picker-serve.out.log
       Jekyll Feed: Generating feed for posts
                    ...done in 4.5639487 seconds.
                    
      Regenerating: 1 file(s) changed at 2026-08-17 11:04:20
                    wheel-picker-serve.out.log
       Jekyll Feed: Generating feed for posts
                    ...done in 4.6112608 seconds.
                    
      Regenerating: 1 file(s) changed at 2026-08-17 11:04:25
                    wheel-picker-serve.out.log
       Jekyll Feed: Generating feed for posts
                    ...done in 4.5639895 seconds.
                    
      Regenerating: 1 file(s) changed at 2026-08-17 11:04:29
                    wheel-picker-serve.out.log
       Jekyll Feed: Generating feed for posts
                    ...done in 4.610613 seconds.
                    
      Regenerating: 1 file(s) changed at 2026-08-17 11:04:34
                    wheel-picker-serve.out.log
       Jekyll Feed: Generating feed for posts
                    ...done in 4.6044081 seconds.
                    
      Regenerating: 1 file(s) changed at 2026-08-17 11:04:39
                    wheel-picker-serve.out.log
       Jekyll Feed: Generating feed for posts
                    ...done in 4.4426281 seconds.
                    
      Regenerating: 1 file(s) changed at 2026-08-17 11:04:43
                    wheel-picker-serve.out.log
       Jekyll Feed: Generating feed for posts
                    ...done in 4.6213241 seconds.
                    
      Regenerating: 1 file(s) changed at 2026-08-17 11:04:48
                    wheel-picker-serve.out.log
       Jekyll Feed: Generating feed for posts
                    ...done in 4.5388351 seconds.
                    
      Regenerating: 1 file(s) changed at 2026-08-17 11:04:53
                    wheel-picker-serve.out.log
       Jekyll Feed: Generating feed for posts
                    ...done in 4.7298021 seconds.
                    
      Regenerating: 1 file(s) changed at 2026-08-17 11:04:57
                    wheel-picker-serve.out.log
       Jekyll Feed: Generating feed for posts
                    ...done in 4.5691478 seconds.
                    
      Regenerating: 1 file(s) changed at 2026-08-17 11:05:02
                    wheel-picker-serve.out.log
       Jekyll Feed: Generating feed for posts
                    ...done in 4.7148166 seconds.
                    
      Regenerating: 1 file(s) changed at 2026-08-17 11:05:07
                    wheel-picker-serve.out.log
       Jekyll Feed: Generating feed for posts
                    ...done in 4.5423136 seconds.
                    
      Regenerating: 1 file(s) changed at 2026-08-17 11:05:11
                    wheel-picker-serve.out.log
       Jekyll Feed: Generating feed for posts
                    ...done in 4.6821534 seconds.
                    
      Regenerating: 1 file(s) changed at 2026-08-17 11:05:16
                    wheel-picker-serve.out.log
       Jekyll Feed: Generating feed for posts
                    ...done in 4.7916572 seconds.
                    
      Regenerating: 1 file(s) changed at 2026-08-17 11:05:21
                    wheel-picker-serve.out.log
       Jekyll Feed: Generating feed for posts
                    ...done in 4.6120924 seconds.
                    
      Regenerating: 1 file(s) changed at 2026-08-17 11:05:26
                    wheel-picker-serve.out.log
       Jekyll Feed: Generating feed for posts
                    ...done in 4.7984069 seconds.
                    
      Regenerating: 1 file(s) changed at 2026-08-17 11:05:30
                    wheel-picker-serve.out.log
       Jekyll Feed: Generating feed for posts
                    ...done in 4.5694569 seconds.
                    
      Regenerating: 1 file(s) changed at 2026-08-17 11:05:35
                    wheel-picker-serve.out.log
       Jekyll Feed: Generating feed for posts
                    ...done in 4.4391061 seconds.
                    
      Regenerating: 1 file(s) changed at 2026-08-17 11:05:40
                    wheel-picker-serve.out.log
       Jekyll Feed: Generating feed for posts
                    ...done in 4.5155036 seconds.
                    
      Regenerating: 1 file(s) changed at 2026-08-17 11:05:44
                    wheel-picker-serve.out.log
       Jekyll Feed: Generating feed for posts
                    ...done in 4.6488544 seconds.
                    
      Regenerating: 1 file(s) changed at 2026-08-17 11:05:49
                    wheel-picker-serve.out.log
       Jekyll Feed: Generating feed for posts
                    ...done in 4.6498362 seconds.
                    
      Regenerating: 1 file(s) changed at 2026-08-17 11:05:54
                    wheel-picker-serve.out.log
       Jekyll Feed: Generating feed for posts
                    ...done in 4.4941856 seconds.
                    
      Regenerating: 1 file(s) changed at 2026-08-17 11:05:58
                    wheel-picker-serve.out.log
       Jekyll Feed: Generating feed for posts
                    ...done in 4.7045986 seconds.
                    
      Regenerating: 1 file(s) changed at 2026-08-17 11:06:03
                    wheel-picker-serve.out.log
       Jekyll Feed: Generating feed for posts
                    ...done in 4.7359944 seconds.
                    
      Regenerating: 2 file(s) changed at 2026-08-17 11:06:08
                    wheel-picker-serve.out.log
                    images/profile/touming2.png
       Jekyll Feed: Generating feed for posts
                    ...done in 4.9465863 seconds.
                    
      Regenerating: 1 file(s) changed at 2026-08-17 11:06:13
                    wheel-picker-serve.out.log
       Jekyll Feed: Generating feed for posts
                    ...done in 5.5198416 seconds.
                    
      Regenerating: 1 file(s) changed at 2026-08-17 11:06:18
                    wheel-picker-serve.out.log
       Jekyll Feed: Generating feed for posts
                    ...done in 4.5484428 seconds.
                    
      Regenerating: 1 file(s) changed at 2026-08-17 11:06:23
                    wheel-picker-serve.out.log
       Jekyll Feed: Generating feed for posts
                    ...done in 5.0238956 seconds.
                    
      Regenerating: 1 file(s) changed at 2026-08-17 11:06:28
                    wheel-picker-serve.out.log
       Jekyll Feed: Generating feed for posts
                    ...done in 4.7221827 seconds.
                    
      Regenerating: 1 file(s) changed at 2026-08-17 11:06:33
                    wheel-picker-serve.out.log
       Jekyll Feed: Generating feed for posts
                    ...done in 4.6163013 seconds.
                    
      Regenerating: 1 file(s) changed at 2026-08-17 11:06:37
                    wheel-picker-serve.out.log
       Jekyll Feed: Generating feed for posts
                    ...done in 4.6752845 seconds.
                    
      Regenerating: 1 file(s) changed at 2026-08-17 11:06:42
                    wheel-picker-serve.out.log
       Jekyll Feed: Generating feed for posts
                    ...done in 4.597602 seconds.
                    
      Regenerating: 1 file(s) changed at 2026-08-17 11:06:47
                    wheel-picker-serve.out.log
       Jekyll Feed: Generating feed for posts
                    ...done in 4.4948319 seconds.
                    
      Regenerating: 1 file(s) changed at 2026-08-17 11:06:51
                    wheel-picker-serve.out.log
       Jekyll Feed: Generating feed for posts
                    ...done in 4.6997863 seconds.
                    
      Regenerating: 1 file(s) changed at 2026-08-17 11:06:56
                    wheel-picker-serve.out.log
       Jekyll Feed: Generating feed for posts
                    ...done in 4.7176911 seconds.
                    
      Regenerating: 1 file(s) changed at 2026-08-17 11:07:01
                    wheel-picker-serve.out.log
       Jekyll Feed: Generating feed for posts
                    ...done in 4.7278532 seconds.
                    
      Regenerating: 1 file(s) changed at 2026-08-17 11:07:06
                    wheel-picker-serve.out.log
       Jekyll Feed: Generating feed for posts
                    ...done in 4.727911 seconds.
                    
      Regenerating: 1 file(s) changed at 2026-08-17 11:07:10
                    wheel-picker-serve.out.log
       Jekyll Feed: Generating feed for posts
                    ...done in 4.8837392 seconds.
                    
      Regenerating: 1 file(s) changed at 2026-08-17 11:07:15
                    wheel-picker-serve.out.log
       Jekyll Feed: Generating feed for posts
                    ...done in 4.6524601 seconds.
                    
      Regenerating: 1 file(s) changed at 2026-08-17 11:07:20
                    wheel-picker-serve.out.log
       Jekyll Feed: Generating feed for posts
                    ...done in 4.6428702 seconds.
                    
      Regenerating: 1 file(s) changed at 2026-08-17 11:07:25
                    wheel-picker-serve.out.log
       Jekyll Feed: Generating feed for posts
                    ...done in 4.6430024 seconds.
                    
      Regenerating: 1 file(s) changed at 2026-08-17 11:07:30
                    wheel-picker-serve.out.log
       Jekyll Feed: Generating feed for posts
                    ...done in 4.5866491 seconds.
                    
      Regenerating: 1 file(s) changed at 2026-08-17 11:07:34
                    wheel-picker-serve.out.log
       Jekyll Feed: Generating feed for posts
                    ...done in 4.5089964 seconds.
                    
      Regenerating: 1 file(s) changed at 2026-08-17 11:07:39
                    wheel-picker-serve.out.log
       Jekyll Feed: Generating feed for posts
                    ...done in 4.5502204 seconds.
                    
      Regenerating: 1 file(s) changed at 2026-08-17 11:07:43
                    wheel-picker-serve.out.log
       Jekyll Feed: Generating feed for posts
                    ...done in 4.5870474 seconds.
                    
      Regenerating: 1 file(s) changed at 2026-08-17 11:07:48
                    wheel-picker-serve.out.log
       Jekyll Feed: Generating feed for posts
                    ...done in 4.533107 seconds.
                    
      Regenerating: 1 file(s) changed at 2026-08-17 11:07:53
                    wheel-picker-serve.out.log
       Jekyll Feed: Generating feed for posts
                    ...done in 4.5956939 seconds.
                    
      Regenerating: 1 file(s) changed at 2026-08-17 11:07:57
                    wheel-picker-serve.out.log
       Jekyll Feed: Generating feed for posts
                    ...done in 4.44817 seconds.
                    
      Regenerating: 1 file(s) changed at 2026-08-17 11:08:02
                    wheel-picker-serve.out.log
       Jekyll Feed: Generating feed for posts
                    ...done in 4.5829674 seconds.
                    
      Regenerating: 1 file(s) changed at 2026-08-17 11:08:06
                    wheel-picker-serve.out.log
       Jekyll Feed: Generating feed for posts
                    ...done in 4.6096187 seconds.
                    
      Regenerating: 1 file(s) changed at 2026-08-17 11:08:11
                    wheel-picker-serve.out.log
       Jekyll Feed: Generating feed for posts
                    ...done in 4.4971689 seconds.
                    
      Regenerating: 1 file(s) changed at 2026-08-17 11:08:16
                    wheel-picker-serve.out.log
       Jekyll Feed: Generating feed for posts
                    ...done in 4.7664307 seconds.
                    
      Regenerating: 1 file(s) changed at 2026-08-17 11:08:20
                    wheel-picker-serve.out.log
       Jekyll Feed: Generating feed for posts
                    ...done in 4.8249924 seconds.
                    
      Regenerating: 1 file(s) changed at 2026-08-17 11:08:25
                    wheel-picker-serve.out.log
       Jekyll Feed: Generating feed for posts
                    ...done in 4.5033179 seconds.
                    
      Regenerating: 1 file(s) changed at 2026-08-17 11:08:30
                    wheel-picker-serve.out.log
       Jekyll Feed: Generating feed for posts
                    ...done in 4.3798184 seconds.
                    
      Regenerating: 1 file(s) changed at 2026-08-17 11:08:34
                    wheel-picker-serve.out.log
       Jekyll Feed: Generating feed for posts
                    ...done in 4.5903832 seconds.
                    
      Regenerating: 1 file(s) changed at 2026-08-17 11:08:39
                    wheel-picker-serve.out.log
       Jekyll Feed: Generating feed for posts
                    ...done in 5.1820839 seconds.
                    
      Regenerating: 1 file(s) changed at 2026-08-17 11:08:44
                    wheel-picker-serve.out.log
       Jekyll Feed: Generating feed for posts
                    ...done in 4.6580548 seconds.
                    
      Regenerating: 1 file(s) changed at 2026-08-17 11:08:49
                    wheel-picker-serve.out.log
       Jekyll Feed: Generating feed for posts
                    ...done in 4.4882302 seconds.
                    
      Regenerating: 1 file(s) changed at 2026-08-17 11:08:53
                    wheel-picker-serve.out.log
       Jekyll Feed: Generating feed for posts
                    ...done in 4.7715495 seconds.
                    
      Regenerating: 1 file(s) changed at 2026-08-17 11:08:58
                    wheel-picker-serve.out.log
       Jekyll Feed: Generating feed for posts
                    ...done in 5.0139117 seconds.
                    
      Regenerating: 1 file(s) changed at 2026-08-17 11:09:03
                    wheel-picker-serve.out.log
       Jekyll Feed: Generating feed for posts
                    ...done in 5.3022579 seconds.
                    
      Regenerating: 1 file(s) changed at 2026-08-17 11:09:09
                    wheel-picker-serve.out.log
       Jekyll Feed: Generating feed for posts
                    ...done in 4.9834924 seconds.
                    
      Regenerating: 1 file(s) changed at 2026-08-17 11:09:14
                    wheel-picker-serve.out.log
       Jekyll Feed: Generating feed for posts
                    ...done in 4.465529 seconds.
                    
      Regenerating: 1 file(s) changed at 2026-08-17 11:09:18
                    wheel-picker-serve.out.log
       Jekyll Feed: Generating feed for posts
                    ...done in 4.4943588 seconds.
                    
      Regenerating: 1 file(s) changed at 2026-08-17 11:09:23
                    wheel-picker-serve.out.log
       Jekyll Feed: Generating feed for posts
                    ...done in 4.6312004 seconds.
                    
      Regenerating: 1 file(s) changed at 2026-08-17 11:09:28
                    wheel-picker-serve.out.log
       Jekyll Feed: Generating feed for posts
                    ...done in 4.6547874 seconds.
                    
      Regenerating: 1 file(s) changed at 2026-08-17 11:09:32
                    wheel-picker-serve.out.log
       Jekyll Feed: Generating feed for posts
                    ...done in 4.6396461 seconds.
                    
      Regenerating: 1 file(s) changed at 2026-08-17 11:09:37
                    wheel-picker-serve.out.log
       Jekyll Feed: Generating feed for posts
                    ...done in 4.9182842 seconds.
                    
      Regenerating: 1 file(s) changed at 2026-08-17 11:09:42
                    wheel-picker-serve.out.log
       Jekyll Feed: Generating feed for posts
                    ...done in 4.9722258 seconds.
                    
      Regenerating: 1 file(s) changed at 2026-08-17 11:09:47
                    wheel-picker-serve.out.log
       Jekyll Feed: Generating feed for posts
                    ...done in 4.7298164 seconds.
                    
      Regenerating: 1 file(s) changed at 2026-08-17 11:09:52
                    wheel-picker-serve.out.log
       Jekyll Feed: Generating feed for posts
                    ...done in 4.7414759 seconds.
                    
      Regenerating: 1 file(s) changed at 2026-08-17 11:09:57
                    wheel-picker-serve.out.log
       Jekyll Feed: Generating feed for posts
                    ...done in 4.7464809 seconds.
                    
      Regenerating: 1 file(s) changed at 2026-08-17 11:10:01
                    wheel-picker-serve.out.log
       Jekyll Feed: Generating feed for posts
                    ...done in 4.6687146 seconds.
                    
      Regenerating: 1 file(s) changed at 2026-08-17 11:10:06
                    wheel-picker-serve.out.log
       Jekyll Feed: Generating feed for posts
                    ...done in 4.6980322 seconds.
                    
      Regenerating: 1 file(s) changed at 2026-08-17 11:10:11
                    wheel-picker-serve.out.log
       Jekyll Feed: Generating feed for posts
                    ...done in 4.6974208 seconds.
                    
      Regenerating: 1 file(s) changed at 2026-08-17 11:10:16
                    wheel-picker-serve.out.log
       Jekyll Feed: Generating feed for posts
                    ...done in 4.9918093 seconds.
                    
      Regenerating: 2 file(s) changed at 2026-08-17 11:10:21
                    wheel-picker-serve.out.log
                    images/profile/touming(1).png
       Jekyll Feed: Generating feed for posts
                    ...done in 4.6841634 seconds.
                    
      Regenerating: 1 file(s) changed at 2026-08-17 11:10:25
                    wheel-picker-serve.out.log
       Jekyll Feed: Generating feed for posts
                    ...done in 4.7410167 seconds.
                    
      Regenerating: 1 file(s) changed at 2026-08-17 11:10:30
                    wheel-picker-serve.out.log
       Jekyll Feed: Generating feed for posts
                    ...done in 4.8581424 seconds.
                    
      Regenerating: 1 file(s) changed at 2026-08-17 11:10:35
                    wheel-picker-serve.out.log
       Jekyll Feed: Generating feed for posts
                    ...done in 4.7664594 seconds.
                    
      Regenerating: 1 file(s) changed at 2026-08-17 11:10:40
                    wheel-picker-serve.out.log
       Jekyll Feed: Generating feed for posts
                    ...done in 4.7337692 seconds.
                    
      Regenerating: 1 file(s) changed at 2026-08-17 11:10:45
                    wheel-picker-serve.out.log
       Jekyll Feed: Generating feed for posts
                    ...done in 4.675968 seconds.
                    
      Regenerating: 1 file(s) changed at 2026-08-17 11:10:49
                    wheel-picker-serve.out.log
       Jekyll Feed: Generating feed for posts
                    ...done in 4.6035057 seconds.
                    
      Regenerating: 1 file(s) changed at 2026-08-17 11:10:54
                    wheel-picker-serve.out.log
       Jekyll Feed: Generating feed for posts
                    ...done in 4.7033197 seconds.
                    
      Regenerating: 1 file(s) changed at 2026-08-17 11:10:59
                    wheel-picker-serve.out.log
       Jekyll Feed: Generating feed for posts
                    ...done in 4.7458842 seconds.
                    
      Regenerating: 1 file(s) changed at 2026-08-17 11:11:04
                    wheel-picker-serve.out.log
       Jekyll Feed: Generating feed for posts
                    ...done in 5.1570512 seconds.
                    
      Regenerating: 1 file(s) changed at 2026-08-17 11:11:09
                    wheel-picker-serve.out.log
       Jekyll Feed: Generating feed for posts
                    ...done in 4.6686989 seconds.
                    
      Regenerating: 1 file(s) changed at 2026-08-17 11:11:14
                    wheel-picker-serve.out.log
       Jekyll Feed: Generating feed for posts
                    ...done in 4.4953666 seconds.
                    
      Regenerating: 1 file(s) changed at 2026-08-17 11:11:18
                    wheel-picker-serve.out.log
       Jekyll Feed: Generating feed for posts
                    ...done in 5.1286682 seconds.
                    
      Regenerating: 1 file(s) changed at 2026-08-17 11:11:23
                    wheel-picker-serve.out.log
       Jekyll Feed: Generating feed for posts
                    ...done in 4.8409612 seconds.
                    
      Regenerating: 1 file(s) changed at 2026-08-17 11:11:28
                    wheel-picker-serve.out.log
       Jekyll Feed: Generating feed for posts
                    ...done in 4.8231164 seconds.
                    
      Regenerating: 1 file(s) changed at 2026-08-17 11:11:33
                    wheel-picker-serve.out.log
       Jekyll Feed: Generating feed for posts
                    ...done in 5.0548217 seconds.
                    
      Regenerating: 1 file(s) changed at 2026-08-17 11:11:38
                    wheel-picker-serve.out.log
       Jekyll Feed: Generating feed for posts
                    ...done in 4.9298957 seconds.
                    
      Regenerating: 1 file(s) changed at 2026-08-17 11:11:43
                    wheel-picker-serve.out.log
       Jekyll Feed: Generating feed for posts
                    ...done in 4.635122 seconds.
                    
      Regenerating: 1 file(s) changed at 2026-08-17 11:11:48
                    wheel-picker-serve.out.log
       Jekyll Feed: Generating feed for posts
                    ...done in 4.7769534 seconds.
                    
      Regenerating: 1 file(s) changed at 2026-08-17 11:11:53
                    wheel-picker-serve.out.log
       Jekyll Feed: Generating feed for posts
                    ...done in 4.8369242 seconds.
                    
      Regenerating: 1 file(s) changed at 2026-08-17 11:11:58
                    wheel-picker-serve.out.log
       Jekyll Feed: Generating feed for posts
                    ...done in 4.5663763 seconds.
                    
      Regenerating: 1 file(s) changed at 2026-08-17 11:12:02
                    wheel-picker-serve.out.log
       Jekyll Feed: Generating feed for posts
                    ...done in 4.7721063 seconds.
                    
      Regenerating: 2 file(s) changed at 2026-08-17 11:12:07
                    wheel-picker-serve.out.log
                    images/profile/shurui-liu(1).jpg
       Jekyll Feed: Generating feed for posts
                    ...done in 4.6076661 seconds.
                    
      Regenerating: 1 file(s) changed at 2026-08-17 11:12:12
                    wheel-picker-serve.out.log
       Jekyll Feed: Generating feed for posts
                    ...done in 4.5582928 seconds.
                    
      Regenerating: 1 file(s) changed at 2026-08-17 11:12:16
                    wheel-picker-serve.out.log
       Jekyll Feed: Generating feed for posts
                    ...done in 4.6483931 seconds.
                    
      Regenerating: 1 file(s) changed at 2026-08-17 11:12:21
                    wheel-picker-serve.out.log
       Jekyll Feed: Generating feed for posts
                    
      Regenerating: 3 file(s) changed at 2026-08-17 11:12:26
                    wheel-picker-serve.out.log
                    images/profile/toumingcai.png
                    images/profile/touming2.png
       Jekyll Feed: Generating feed for posts
                    
      Regenerating: 4 file(s) changed at 2026-08-17 11:12:30
                    wheel-picker-serve.err.log
                    wheel-picker-serve.out.log
                    images/profile/touming1.jpg
                    images/profile/shurui-liu(1).jpg
       Jekyll Feed: Generating feed for posts
                    ...done in 4.9204408 seconds.
                    
      Regenerating: 2 file(s) changed at 2026-08-17 11:12:35
                    wheel-picker-serve.err.log
                    wheel-picker-serve.out.log
       Jekyll Feed: Generating feed for posts
                    ...done in 5.047397 seconds.
                    
      Regenerating: 1 file(s) changed at 2026-08-17 11:12:41
                    wheel-picker-serve.out.log
       Jekyll Feed: Generating feed for posts
                    ...done in 5.2084769 seconds.
                    
      Regenerating: 1 file(s) changed at 2026-08-17 11:12:46
                    wheel-picker-serve.out.log
       Jekyll Feed: Generating feed for posts
                    ...done in 4.9985657 seconds.
                    
      Regenerating: 1 file(s) changed at 2026-08-17 11:12:51
                    wheel-picker-serve.out.log
       Jekyll Feed: Generating feed for posts
                    ...done in 4.8827881 seconds.
                    
      Regenerating: 1 file(s) changed at 2026-08-17 11:12:56
                    wheel-picker-serve.out.log
       Jekyll Feed: Generating feed for posts
                    ...done in 4.9622758 seconds.
                    
      Regenerating: 1 file(s) changed at 2026-08-17 11:13:01
                    wheel-picker-serve.out.log
       Jekyll Feed: Generating feed for posts
                    ...done in 4.6856145 seconds.
                    
      Regenerating: 1 file(s) changed at 2026-08-17 11:13:06
                    wheel-picker-serve.out.log
       Jekyll Feed: Generating feed for posts
                    ...done in 5.168188 seconds.
                    
      Regenerating: 1 file(s) changed at 2026-08-17 11:13:11
                    wheel-picker-serve.out.log
       Jekyll Feed: Generating feed for posts
                    ...done in 4.6514685 seconds.
                    
      Regenerating: 1 file(s) changed at 2026-08-17 11:13:16
                    wheel-picker-serve.out.log
       Jekyll Feed: Generating feed for posts
                    ...done in 4.6877307 seconds.
                    
      Regenerating: 1 file(s) changed at 2026-08-17 11:13:20
                    wheel-picker-serve.out.log
       Jekyll Feed: Generating feed for posts
                    ...done in 4.803653 seconds.
                    
      Regenerating: 1 file(s) changed at 2026-08-17 11:13:25
                    wheel-picker-serve.out.log
       Jekyll Feed: Generating feed for posts
                    ...done in 4.5012699 seconds.
                    
      Regenerating: 1 file(s) changed at 2026-08-17 11:13:30
                    wheel-picker-serve.out.log
       Jekyll Feed: Generating feed for posts
                    ...done in 5.1493595 seconds.
                    
      Regenerating: 1 file(s) changed at 2026-08-17 11:13:35
                    wheel-picker-serve.out.log
       Jekyll Feed: Generating feed for posts
                    ...done in 5.2178303 seconds.
                    
      Regenerating: 1 file(s) changed at 2026-08-17 11:13:40
                    wheel-picker-serve.out.log
       Jekyll Feed: Generating feed for posts
                    ...done in 4.6495417 seconds.
                    
      Regenerating: 1 file(s) changed at 2026-08-17 11:13:45
                    wheel-picker-serve.out.log
       Jekyll Feed: Generating feed for posts
                    ...done in 4.7378457 seconds.
                    
      Regenerating: 1 file(s) changed at 2026-08-17 11:13:50
                    wheel-picker-serve.out.log
       Jekyll Feed: Generating feed for posts
                    ...done in 4.7403408 seconds.
                    
      Regenerating: 1 file(s) changed at 2026-08-17 11:13:54
                    wheel-picker-serve.out.log
       Jekyll Feed: Generating feed for posts
                    ...done in 4.6255569 seconds.
                    
      Regenerating: 1 file(s) changed at 2026-08-17 11:13:59
                    wheel-picker-serve.out.log
       Jekyll Feed: Generating feed for posts
                    ...done in 4.7627218 seconds.
                    
      Regenerating: 1 file(s) changed at 2026-08-17 11:14:04
                    wheel-picker-serve.out.log
       Jekyll Feed: Generating feed for posts
                    ...done in 5.0649695 seconds.
                    
      Regenerating: 1 file(s) changed at 2026-08-17 11:14:09
                    wheel-picker-serve.out.log
       Jekyll Feed: Generating feed for posts
                    ...done in 4.8121677 seconds.
                    
      Regenerating: 1 file(s) changed at 2026-08-17 11:14:14
                    wheel-picker-serve.out.log
       Jekyll Feed: Generating feed for posts
                    ...done in 4.8570938 seconds.
                    
      Regenerating: 1 file(s) changed at 2026-08-17 11:14:19
                    wheel-picker-serve.out.log
       Jekyll Feed: Generating feed for posts
                    ...done in 4.7366485 seconds.
                    
      Regenerating: 1 file(s) changed at 2026-08-17 11:14:24
                    wheel-picker-serve.out.log
       Jekyll Feed: Generating feed for posts
                    ...done in 5.1025825 seconds.
                    
      Regenerating: 1 file(s) changed at 2026-08-17 11:14:29
                    wheel-picker-serve.out.log
       Jekyll Feed: Generating feed for posts
                    ...done in 4.7918197 seconds.
                    
      Regenerating: 1 file(s) changed at 2026-08-17 11:14:34
                    wheel-picker-serve.out.log
       Jekyll Feed: Generating feed for posts
                    ...done in 4.4975429 seconds.
                    
      Regenerating: 1 file(s) changed at 2026-08-17 11:14:38
                    wheel-picker-serve.out.log
       Jekyll Feed: Generating feed for posts
                    ...done in 4.5403064 seconds.
                    
      Regenerating: 1 file(s) changed at 2026-08-17 11:14:43
                    wheel-picker-serve.out.log
       Jekyll Feed: Generating feed for posts
                    ...done in 4.4789778 seconds.
                    
      Regenerating: 1 file(s) changed at 2026-08-17 11:14:47
                    wheel-picker-serve.out.log
       Jekyll Feed: Generating feed for posts
                    ...done in 4.49864 seconds.
                    
      Regenerating: 1 file(s) changed at 2026-08-17 11:14:52
                    wheel-picker-serve.out.log
       Jekyll Feed: Generating feed for posts
                    ...done in 4.5104225 seconds.
                    
      Regenerating: 1 file(s) changed at 2026-08-17 11:14:56
                    wheel-picker-serve.out.log
       Jekyll Feed: Generating feed for posts
                    ...done in 4.447186 seconds.
                    
      Regenerating: 1 file(s) changed at 2026-08-17 11:15:01
                    wheel-picker-serve.out.log
       Jekyll Feed: Generating feed for posts
                    ...done in 4.5563202 seconds.
                    
      Regenerating: 1 file(s) changed at 2026-08-17 11:15:06
                    wheel-picker-serve.out.log
       Jekyll Feed: Generating feed for posts
                    ...done in 4.396014 seconds.
                    
      Regenerating: 1 file(s) changed at 2026-08-17 11:15:10
                    wheel-picker-serve.out.log
       Jekyll Feed: Generating feed for posts
                    ...done in 4.3828337 seconds.
                    
      Regenerating: 1 file(s) changed at 2026-08-17 11:15:14
                    wheel-picker-serve.out.log
       Jekyll Feed: Generating feed for posts
                    ...done in 4.4076723 seconds.
                    
      Regenerating: 1 file(s) changed at 2026-08-17 11:15:19
                    wheel-picker-serve.out.log
       Jekyll Feed: Generating feed for posts
                    ...done in 4.3167146 seconds.
                    
      Regenerating: 1 file(s) changed at 2026-08-17 11:15:23
                    wheel-picker-serve.out.log
       Jekyll Feed: Generating feed for posts
                    ...done in 4.4694884 seconds.
                    
      Regenerating: 1 file(s) changed at 2026-08-17 11:15:28
                    wheel-picker-serve.out.log
       Jekyll Feed: Generating feed for posts
                    ...done in 4.4482287 seconds.
                    
      Regenerating: 1 file(s) changed at 2026-08-17 11:15:32
                    wheel-picker-serve.out.log
       Jekyll Feed: Generating feed for posts
                    ...done in 5.1839858 seconds.
                    
      Regenerating: 1 file(s) changed at 2026-08-17 11:15:38
                    wheel-picker-serve.out.log
       Jekyll Feed: Generating feed for posts
                    ...done in 5.3308339 seconds.
                    
      Regenerating: 1 file(s) changed at 2026-08-17 11:15:43
                    wheel-picker-serve.out.log
       Jekyll Feed: Generating feed for posts
[2026-08-17 11:15:46] ERROR '/favicon.ico' not found.
                    ...done in 4.9330819 seconds.
                    
      Regenerating: 1 file(s) changed at 2026-08-17 11:15:48
                    wheel-picker-serve.out.log
       Jekyll Feed: Generating feed for posts
                    ...done in 4.7039275 seconds.
                    
      Regenerating: 1 file(s) changed at 2026-08-17 11:15:53
                    wheel-picker-serve.out.log
       Jekyll Feed: Generating feed for posts
                    ...done in 5.2407793 seconds.
                    
      Regenerating: 1 file(s) changed at 2026-08-17 11:15:58
                    wheel-picker-serve.out.log
       Jekyll Feed: Generating feed for posts
                    ...done in 4.8221261 seconds.
                    
      Regenerating: 1 file(s) changed at 2026-08-17 11:16:03
                    wheel-picker-serve.out.log
       Jekyll Feed: Generating feed for posts
                    ...done in 4.9030475 seconds.
                    
      Regenerating: 1 file(s) changed at 2026-08-17 11:16:08
                    wheel-picker-serve.out.log
       Jekyll Feed: Generating feed for posts
                    ...done in 4.6244622 seconds.
                    
      Regenerating: 1 file(s) changed at 2026-08-17 11:16:13
                    wheel-picker-serve.out.log
       Jekyll Feed: Generating feed for posts
                    ...done in 4.7580563 seconds.
                    
      Regenerating: 1 file(s) changed at 2026-08-17 11:16:17
                    wheel-picker-serve.out.log
       Jekyll Feed: Generating feed for posts
                    ...done in 4.6766505 seconds.
                    
      Regenerating: 1 file(s) changed at 2026-08-17 11:16:22
                    wheel-picker-serve.out.log
       Jekyll Feed: Generating feed for posts
                    ...done in 4.5170842 seconds.
                    
      Regenerating: 1 file(s) changed at 2026-08-17 11:16:27
                    wheel-picker-serve.out.log
       Jekyll Feed: Generating feed for posts
                    ...done in 5.120886 seconds.
                    
      Regenerating: 1 file(s) changed at 2026-08-17 11:16:32
                    wheel-picker-serve.out.log
       Jekyll Feed: Generating feed for posts
                    ...done in 5.0710222 seconds.
                    
      Regenerating: 1 file(s) changed at 2026-08-17 11:16:37
                    wheel-picker-serve.out.log
       Jekyll Feed: Generating feed for posts
                    ...done in 4.6740395 seconds.
                    
      Regenerating: 1 file(s) changed at 2026-08-17 11:16:42
                    wheel-picker-serve.out.log
       Jekyll Feed: Generating feed for posts
                    ...done in 4.4840378 seconds.
                    
      Regenerating: 1 file(s) changed at 2026-08-17 11:16:46
                    wheel-picker-serve.out.log
       Jekyll Feed: Generating feed for posts
